,title,artist,lyric,jangleu,era
0,내사랑 내곁에 (응답하라 1988 삽입곡),김현식,나의 모든 사랑이 떠나가는 날이 당신의 그 웃음 뒤에서 함께하는데 철이 없는 욕심에 그 많은 미련에 당신이 있는 건 아닌지 아니겠지요 시간은 멀어 집으로 향해가는데 약속했던 그대만은 올 줄을 모르고 애써 웃음지으며 돌아오는 길은 왜 그리도 낯설고 멀기만 한지 저 여린 가지 사이로 혼자인 날 느낄때 이렇게 아픈 그대 기억이 날까 내 사랑 그대 내 곁에 있어줘 이 세상 하나뿐인 오직 그대만이 힘겨운 날에 너마저 떠나면 비틀거릴 내가 안길 곳은 어디에 저 여린 가지 사이로 혼자인 날 느낄때 이렇게 아픈 그대 기억이 날까 내 사랑 그대 내 곁에 있어줘 이 세상 하나뿐인 오직 그대만이 힘겨운 날에 너마저 떠나면 비틀거릴 내가 안길 곳은 어디에 비틀거릴 내가 안길 곳은 어디에 비틀거릴 내가 안길 곳은 어디에,발라드,1990
1,너를 사랑해,한동준,아침이 오는 소리에 문득 잠에서 깨어 내 품안에 잠든 너에게 워우우워 우워워 너를 사랑해 내가 힘겨울때마다 너는 항상 내 곁에 따스하게 어깨 감싸며 워우우워 우워워 너를 사랑해 영원히 우리에겐 서글픈 이별은 없어 때로는 슬픔에 눈물도 흘리지만 언제나 너와 함께 새하얀 꿈을 꾸면서 하늘이 우리를 갈라놓을 때까지 워우우워 우워워 너를 사랑해 내가 힘겨울때마다 너는 항상 내 곁에 따스하게 어깨 감싸며 워우우워 우워워 너를 사랑해 영원히 우리에겐 서글픈 이별은 없어 때로는 슬픔에 눈물도 흘리지만 언제나 너와 함께 새하얀 꿈을 꾸면서 하늘이 우리를 갈라놓을 때까지 워우우워 우워워 너를 사랑해 너를 사랑해,발라드,1990
2,다시 만난 너에게,피노키오,내가 처음 보았던 기억속에 파란 하늘빛 미소 여전한 넌 지난시간 세월을 얘기하듯 야윈 모습으로 손을 내밀고 나역시 서툰 웃음과 어색한 시간이 흐른뒤 나의 맘속에 맘으로 널 그리워 해왔었다 말했지 이젠 다시 사랑을 가슴에 묻고 나누어지는 슬픔은 없을거야 내안에 있는 소중한 것을 모두다 너에게 주고 싶어 나역시 서툰 웃음과 어색한 시간이 흐른뒤 나의 맘속에 맘으로 널 그리워 해왔었다 말했지 이젠 다시 사랑을 가슴에 묻고 나누어지는 슬픔은 없을거야 내안에 있는 소중한 것을 모두다 너에게 주고 싶어 그리움에 보낸 날들은 너의 절실함을 일깨워주고 어떤 어려움에도 견딜수 있는 널 향한 사랑 내게 보여주었어 그리움에 보낸 날들은 너의 절실함을 일깨워주고 어떤 어려움에도 견딜수 있는 널 향한 사랑 내게 보여주었어,록/메탈,1990
3,나의 노래,김광석,아무 것도 가진 것 없는 이에게 시와 노래는 애달픈 양식 아무도 뵈지 않는 암흑속에서 조그만 읊조림은 커다린 빛 나의 노래는 나의 힘 나의 노래는 나의 삶 자그맣고 메마른 씨앗속에서 내일의 결실을 바라보듯이 자그만 아이의 읊음 속에서 마음의 열매가 맺혔으면 나의 노래는 나의 힘 나의 노래는 나의 삶 거미줄처럼 얽힌 세상속에서 바람에 나부끼는 나무가지처럼 흔들리고 넘어져도 이세상속에는 마지막 한방울의 물이 있는 한 나는 마시고 노래하리 나는 마시고 노래하리 수많은 진리와 양심의 금문자 찬란한 그빛에는 멀지 않으리 이웃과 벗들의 웃음속에는 조그만 가락이 울려 나오면 나는 부르리 나의 노래를 나는 부르리 가난한 마음을 그러나 그대 모두 귀기울일 때 노래는 멀리 멀리 날아가리 노래는 멀리 멀리 날아가리,포크/블루스,1990
4,아주 오래된 연인들,015B,저녁이 되면 의무감으로 전화를 하고 관심도 없는 서로의 일과를 묻곤 하지 가끔씩은 사랑한단 말로 서로에게 위로하겠지만 그런것도 예전에 가졌던 두근거림은 아니야 처음에 만난 그 느낌 그 설레임을 찾는 다면 우리가 느낀 싫증은 이젠 없는 거야 주말이 되면 습관적으로 약속을 하고 서로를 위해 봉사한다고 생각을 하지 가끔씩은 서로의 눈 피해 다른 사람 만나기도 하고 자연스레 이별할 기회를 찾으려 할때도 있지 처음에 만난 그 느낌 그 설레임을 찾는 다면 우리가 느낀 싫증은 이젠 없는 거야 처음에 만난 그 느낌 그 설레임을 찾는 다면 우리가 느낀 싫증은 이젠 없는 거야 스탑더 빅,발라드,1990
5,이별의 그늘,윤상,문득 돌아보면 같은 자리지만 난 아주 먼길을 떠난 듯 했어 만날 순 없었지 한번 어긋난 후 나의 기억에서만 살아있는 먼 그대 난 끝내 익숙해지겠지 그저 쉽게 잊고 사는 걸 또 함께 나눈 모든 것도 그만큼의 허전함일 뿐 덧없이 흘러가는 시간 속에서 어떤 만남을 준비 할까 하지만 기억 해줘 지난 얘기와 이별 후에 비로소 눈 뜬 나의 사랑을 난 끝내 익숙해지겠지 그저 쉽게 잊고 사는 걸 또 함께 나눈 모든 것도 그만큼의 허전함일 뿐 덧없이 흘러가는 시간 속에서 어떤 만남을 준비 할까 하지만 기억 해줘 지난 얘기와 이별 후에 비로소 눈 뜬 나의 사랑을,발라드,1990
6,10년전의 일기를 꺼내어,봄여름가을겨울,내겐 더 많은 날이 있어 무슨 걱정 있을까 어제 힘들었던 순간들은 모두 지나간 것 일뿐 내겐 더 많은 날이 있어 무슨 걱정 있을까 하루 하루 사는 것은 모두 기쁨일 뿐이야 오늘은 낡은 책상 서랍에서 십년이나 지난 일기를 꺼내어 들었지 왜 그토록 많은 고민의 낱말들이 그 속을 가득 메우고 있는지 그 오랜 기록들이 어두운 거미줄에 쌓여 있는 동안 물론 힘겨운 날들도 많았지만 가끔은 깜짝 놀랄 만큼 재미있는 일도 있었다고 생각을 해봐 그래 지금은 모두 힘겹다고 하겠지 하지만 하지만 다가올 날들을 상상 해보면 어떨까 세상은 그렇게 어두운 것만은 아니잖아 내겐 더 많은 날이 있어 무슨 걱정 있을까 하루 하루 사는 것은 모두 기쁨일 뿐이야 후욱하고 날려 버린 먼지들이 십년이나 지난 일기 위에는 수북이 쌓여 있었지 왜 그토록 많은 외로움의 낱말들이 그 위에 덮여 있는지 그래 지금 힙겹다고 생각하는 날들도 언젠가 다가올 날에는 다시 돌아 오고픈 시간일거야 세상은 그렇게 어두운 것만은 아니잖아 내겐 더 많은 날이 있어 무슨 걱정 있을까 어제 힘들었던 순간들은 모두 지나간 것일뿐 내겐 더 많은 날이 있어 무슨 걱정 있을까 하루 하루 사는 것은 모두 기쁨일 뿐이야 내겐 더 많은 날이 있어 무슨 걱정 있을까 어제 힘들었던 순간들은 모두 지나간 것일뿐,록/메탈,1990
7,Poison,엄정화,널 뒤로한채 그냥 걸었어 미안해 하는 널 위해 참아온 눈물 보이기 싫어 나 먼저 일어선거야 오늘이 올 줄 알고 있었어 우리 사랑 끝나는 날 잘못된 우릴 하늘이 분명 용서할리 없으니까 그녀에게 미안하다고 전해줘 그녀의 행복을 내가 가졌으니 다신 이런 아픔을 남기지는마 나 하나로만 된거야 모두를 속여가며 사랑한 넌 더 힘들었니 이젠 꿈에서라도 나를 찾지마 난 니안에 없는거야 이대로 나를 잊고 돌아가 그녀품으로 내품에 안겨 울던 모습도 날 위한 연극이었니 너의 사랑은 나뿐이라고 그 말을 믿었었는데 사랑스런 미소와 따스한 눈길 이제는 그녀와 함께 나누겠지 다신 이런 아픔을 남기지는마 나 하나로만 된거야 모두를 속여가며 사랑한 넌 더 힘들었니 이젠 꿈에서라도 나를 찾지마 난 니안에 없는거야 이대로 나를 잊고 돌아가 그녀품으로 그래 누구나 한 사람만을 사랑해야 하는걸 이제 넌 그걸 잊지 말아줘,댄스,1990
8,내가 만일,안치환,내가 만일 하늘이라면 그대 얼굴에 물들고 싶어 붉게 물든 저녁 저 노을처럼 나 그대 뺨에 물들고 싶어 내가 만일 시인이라면 그댈 위해 노래하겠어 엄마 품에 안긴 어린아이처럼 나 행복하게 노래하고 싶어 세상에 그 무엇이라도 그대위해 되고 싶어 오늘처럼 우리 함께 있음이 내겐 얼마나 큰 기쁨인지 사랑하는 나의 사람아 너는 아니 워 이런 나의 마음을 내가 만일 구름이라면 그대위해 비가 되겠어 더운 여름날의 소나기처럼 나 시원하게 내리고 싶어 세상에 그 무엇이라도 그대위해 되고싶어 오늘처럼 우리 함께 있음이 내겐 얼마나 큰 기쁨인지 워 세상에 그 무엇이라도 그대위해 되고싶어 오늘처럼 우리 함께 있음이 내겐 얼마나 큰 기쁨인지 사랑하는 나의 사람아 너는 아니 워 이런 나의 마음을 이런 나의 마음을,포크/블루스,1990
9,도시인,넥스트,쫓기는 사람처럼 시계바늘 보면서 거리를 가득메운 자동차 경적소리 어깨를 늘어뜨린 학생들 모두가 똑같은 얼굴을 하고 손을 내밀어 악수하지만 가슴속에는 모두 다른 마음 각자 걸어가고 있는거야 아무런 말없이 어디로 가는가 함께 있지만 외로운 사람들 어젯밤 술이 덜 깬 흐릿한 두 눈으로 자판기 커피 한 잔 구겨진 셔츠 샐러리맨 기계 부속품처럼 큰 빌딩속에 앉아 점점 빨리가는 세월들 모두가 똑같은 얼굴을 하고 손을 내밀어 악수하지만 가슴속에는 모두 다른 마음 각자 걸어가고 있는거야 아무런 말없이 어디로 가는가 함께 있지만 외로운 사람들 한 손엔 휴대전화 허리엔 삐삐차고 집이란 잠자는 곳 직장이란 전쟁터 회색빛의 빌딩들 회색빛의 하늘과 회색 얼굴의 사람들 아무런 말없이 어디로 가는가 함께 있지만 외로운 사람들 아무 말없이 어디로 가는가 함께 있지만 외로운 사람들,록/메탈,1990
10,애모,김수희,그대 가슴에 얼굴을 묻고 오늘은 울고 싶어라 세월의 강 넘어 우리 사랑은 눈물 속에 흔들리는데 얼만큼 나 더 살아야 그대를 잊을 수 있나 한 마디 말이 모자라서 다가설 수 없는 사람아 그대 앞에만 서면 나는 왜 작아지는가 그대 등 뒤에 서면 내 눈은 젖어드는데 사랑 때문에 침묵해야 할 나는 당신의 여자 그리고 추억이 있는 한 당신은 나의 남자여 그대 앞에만 서면 나는 왜 작아지는가 그대 등 뒤에 서면 내 눈은 젖어 드는데 사랑 때문에 침묵해야 할 나는 당신의 여자 그리고 추억이 있는 한 당신은 나의 남자여 당신은 나의 남자여,성인가요,1990
11,너를 향한 마음,이승환,너를 향한 마음은 언제나 변함없어 이제는 모든 것이 달라졌다 하여도 언젠가는 한번쯤 너를 기억할거야 초라한 모습만 남게 되겠지 한번쯤 우연히 만날 것도 같은데 닮은 사람 하나 보지 못했어 영화속에서나 일어나는 일일까 저 골목을 돌면 만나지려나 언제라도 내게 돌아오기를 바보처럼 기다리는 어리석은 나의 모습을 그댄 짐작조차 할 순 없겠지 하지만 그댄 언젠가 이런 나의 마음 알지도 몰라 한번쯤 우연히 만날 것도 같은데 닮은 사람 하나 보지 못했어 영화속에서나 일어나는 일일까 저 골목을 돌면 만나지려나 언제라도 내게 돌아오기를 바보처럼 기다리는 어리석은 나의 모습을 그댄 짐작조차 할 순 없겠지 하지만 그댄 언젠가 이런 나의 마음 알지도 몰라 닿을 수 없었던 나의 마음을 더는 내 것 일수 없는 너를 향한 나의 마음을 그댄 짐작조차 할 순 없겠지 하지만 그댄 언젠가 이런 나의 마음 알지도 몰라,발라드,1990
12,이 밤이 지나도록,푸른하늘,아무말도 난 하지 못했어 놓인 커피잔만 바라보았지 그대 내게 무슨 말 하려 하는지 이미 나는 알고 있다는걸 넌 아니 이렇게 난 될 줄 알았지 하지만 네가 무작정 좋았어 어두워져만 가던 나의 마음에 꿈에 젖은 너의 눈을 담았어 그러나 이제는 우리 서로가 다른 길을 가야 하겠지 작은 기쁨 있어도 괜히 들뜨고 작은 슬픔에도 쓰려하던 넌 어디로 가야만 하는 거니 이밤이 다 지나도록 가야만 하는 거니 너만을 생각해 너의 모습 보고파 꿈에서 만날 수 있는 너의 모습 보고파 밤만을 기다리는데 너는 왜 이제는 우리 서로가 다른 길을 가야 하겠지 작은 기쁨 있어도 괜히 들뜨고 작은 슬픔에도 쓰려하던 넌 어디로 가야만 하는 거니 이밤이 다 지나도록 가야만 하는 거니 너만을 생각해 너의 모습 보고파 꿈에서 만날 수 있는 너의 모습 보고파 밤만을 기다리는데 너는 내곁을 떠나 어느 곳에서 같은 별을 바라보는지 이밤 지나도록 이밤 지나도록 같은 하늘 아래 있는 것으론 남은 그리움 지울 수가 없어 하지만 어쩔 수 없잖아 추억 아름답게 간직할 수밖엔 너의 모습 보고파 이밤이 다 지나도록 너의 모습 보고파 너만을 생각해 너의 모습 보고파 꿈에서 만날수 있는 너의 모습 보고파 밤만을 기다리는데 너의 모습 보고파 이밤이 다 지나도록 너의 모습 보고파 너만을 생각해 너의 모습 보고파 꿈에서 만날수 있는 너의 모습 보고파 밤만을 기다리는데,발라드,1990
13,희망사항,변진섭,청바지가 잘 어울리는 여자 밥을 많이 먹어도 배 안나오는 여자 내 얘기가 재미 없어도 웃어주는 여자 난 그런 여자가 좋더라 머리에 무스를 바르지 않아도 윤기가 흐르는 여자 내 고요한 눈빛을 보면서 시력을 맞추는 여자 김치 볶음밥을 잘 만드는 여자 웃을때 목젖이 보이는 여자 내가 돈이 없을 때에도 마음 편하게 만날 수 있는 여자 멋내지 않아도 멋이 나는 여자 껌을 씹어도 소리가 안나는 여자 뚱뚱해도 다리가 예뻐서 짧은 치마가 어울리는 여자 내가 울적하고 속이 상할때 그저 바라만 봐도 위로가 되는 여자 나를 만난 이후로 미팅을 한번도 한번도 안한 여자 라라라라라라라라라라라 라라라라라라라라라라라라 라라라라라라라라 라라라라라라라라라라라 라라라라라라라라라라라 라라라라라라라라라라라라 라라라라라라라라 라라라라라라라라라라라 난 그런 여자가 좋더라 난 그런 여자가 좋더라 여보세요 날 좀 잠깐 보세요 희망사항이 정말 거창하군요 그런 여자한테 너무 잘 어울리는 난 그런 남자가 좋더라,발라드,1990
14,넋두리,김현식,쓸쓸한 거리에 나 홀로 앉아서 바람의 떨리는 소리를 들었지 어디서 왔다가 어디로 가는지 설레이는 이 내 마음이여 꺼질 듯 타오는 거리의 네온을 내 품에 안고서 헤매고 있었지 멀리로 떠나는 내 님의 뒷모습 깨어진 꿈이었나 힘 없는 내 발길에 다가선 님의 모습 인생을 몰랐던 나의 길고 긴 세월 갈 테면 가라지 그렇게 힘이 들면 가다가 지치면 또 일어나겠지 쓸쓸한 거리에 나 홀로 앉아 바람의 떨리는 소리를 들었지 어디서 왔다가 어디로 가는지 설레이는 이 내 마음이여 꺼질 듯 타오는 거리의 네온을 내 품에 안고서 헤매고 있었지 멀리로 떠나는 내 님의 뒷모습 깨어진 꿈이었나 힘 없는 내 발길에 다가선 님의 모습 인생을 몰랐던 나의 길고 긴 세월 갈 테면 가라지 그렇게 힘이 들면 가다가 지치면 또 일어나겠지,발라드,1990
15,핑계,김건모,지금도 이해할 수 없는 그 얘기로 넌 핑계를 대고 있어 내게 그런 핑곌 대지마 입장 바꿔 생각을 해봐 니가 지금 나라면 넌 웃을 수 있니 혼자 남는 법을 내게 가르쳐 준다며 농담처럼 진담인 듯 건넨 그 한마디 안개꽃 한다발 속에 숨겨둔 편지엔 안녕이란 두 글자만 깊게 새겨 있어 이렇게 쉽게 니가 날 떠날 줄은 몰랐어 아무런 준비도 없는 내게 슬픈 사랑을 가르쳐 준다며 넌 핑계를 대고 있어 내게 그런 핑곌 대지마 입장 바꿔 생각을 해봐 니가 지금 나라면 넌 웃을 수 있니 혼자 남는 법을 내게 가르쳐 준다며 농담처럼 진담인듯 건넨 그 한마디 안개꽃 한다발 속에 숨겨둔 편지엔 안녕이란 두 글자만 깊게 새겨있어 이렇게 쉽게 니가 날 떠날 줄은 몰랐어 아무런 준비도 없는 내게 슬픈 사랑을 가르쳐 준다며 넌 핑계를 대고 있어 이렇게 쉽게 니가 날 떠날 줄은 몰랐어 아무런 준비도 없는 내게 슬픈 사랑을 가르쳐 준다며 넌 핑계를 대고있어,댄스,1990
16,신(新) 인류의 사랑,015B,맘에 안드는 그녀에겐 계속 전화가 오고 내가 전화하는 그녀는 나를 피하려 하고 거리엔 괜찮은 사람 많은데 소개를 받으러 나간 자리엔 어디서 이런 여자들만 나오는 거야 야 나도 이젠 다른 친구들처럼 맘에드는 누군가를 사귀어 보고 싶어 어쩌다 마음에 드는 그녀 남자친구가 있고 별로 예쁘지 않은 그녀 괜히 콧대만 세고 거리에서 본 괜찮은 여자에게 용기를 내서 말을 걸어보면 항상 젤 못생긴 친구가 훼방을 놓지 야 나도 이젠 다른 친구들처럼 맘에드는 누군가를 사귀어 보고 싶어 주위를 보면 나보다 못난 남자들이 다 예쁜 여자와 잘도 다니는데 나는 왜 이럴까 야 나도 이젠 다른 친구들처럼 맘에드는 누군가를 사귀어 보고 싶어,록/메탈,1990
17,사랑을 위하여,김종환,이른 아침에 잠에서 깨어 너를 바라볼 수 있다면 물안개 피는 강가에 서서 작은 미소로 너를 부르리 하루를 살아도 행복할 수 있다면 나는 그 길을 택하고 싶다 세상이 우리를 힘들게 하여도 우리들은 변하지 않아 너를 사랑하기에 저 하늘 끝에 마지막 남은 진실 하나로 오래 두어도 진정 변하지 않는 사랑으로 남게 해주오 내가 아플 때보다 네가 아파할 때가 내 가슴을 철들게 했고 너의 사랑 앞에 나는 옷을 벗었다 거짓의 옷을 벗어버렸다 너를 사랑하기에 저 하늘 끝에 마지막 남은 진실하나로 오래 두어도 진정 변하지 않는 사랑으로 남게 해주오 너를 사랑하기에 저 하늘 끝에 마지막 남은 진실 하나로 오래 두어도 진정 변하지 않는 사랑으로 남게 해주오 사랑으로 남게 해주오,성인가요,1990
18,너에게 들려주고 싶은 이야기,015B,너에게 들려 주고 싶은 이야기 너는 언제나 마음을 열지 못하고 그에게 다가서지만 그럴 필요있겠니 내가 보기엔 넌 그를 사랑하고 있는걸 너는 이게 사랑일까 의심하지만 사랑이란건 네가 생각하듯이 그렇게 어렵고 대단한게 아냐 동화속의 왕자님은 현실엔 없는거야 오늘도 그는 웃으며 너를 사랑한다고 말을 했겠지 넌 그에게 친구로서 좋아하지만 그게 사랑인지는 모르겠다 했겠지 하지만 잘 생각해봐 너는 사랑을 받기만을 즐기며 주는 것을 자존심 상해하는 이기적인 생각을 가졌을 뿐이야 소중한건 언제나 소중한건 언제나 네곁에 있는거야 네곁에 있는거야 이제는 마음을 열어봐 이제는 그의 품에 이제는 그의 품에 안겨서 쉬는 거야 안겨서 쉬는 거야 제발 고민하지마 더 좋은 남잘 만날 수 있을 것 같아서 그렇게 망설이니 그러면 그는 이 세상에서 너보다 더 좋은 여자가 없을 것 같아 너를 사랑하겠니 시간이 흐르면 더 편한 안식처를 찾을 수 있을 것 같겠 지만 결국은 그렇지 못하고 과거에 너를 지켜주던 그늘이 그리워질걸 너는 하루종일 그의 생각을 하다가도 전화가 오면 하루 종일 너무 바빠 그의 생각을 할 틈이 없었다 얘기하겠지 그가 만나자 하면 너는 아주 약속이 많은 바쁜 사람인양 얘기를 하지 기껏해야 카페에서 친구들이랑 수다 떠는 일이 다일텐데 이제는 네가 그를 그렇게도 너를 사랑하는 사람을 감싸줘야만해 가슴을 아프게 해야만 너의 부질없는 자존심이 세워지니 사랑에는 자존심이 없는거야 그를 위해 네 마음의 그를 위해 네 마음의 한구석을 단장해봐 한구석을 단장해봐 현재의 그에게 충실해봐,발라드,1990
19,사랑일뿐야,김민우,나를 어떻게 생각하냐고 너는 내게 묻지만 대답하기는 힘들어 너에게 이런 얘길 한다면 너는 어떤 표정 지을까 언젠가 너의 집 앞을 비추던 골목길 외등 바라보며 길었던 나의 외로움의 끝을 비로소 느꼈던 거야 그대를 만나기 위해 많은 이별을 했는지 몰라 그대는 나의 온몸으로 부딪혀 느끼는 사랑일 뿐야 나를 어떻게 생각하냐고 너는 내게 묻지만 대답하기는 힘들어 너에게 이런 얘길 한다면 너는 어떤 표정 지을까 언젠가 너의 집 앞을 비추던 골목길 외등 바라보며 길었던 나의 외로움의 끝을 비로소 느꼈던 거야 그대를 만나기 위해 많은 이별을 했는지 몰라 그대는 나의 온몸으로 부딪혀 느끼는 사랑일 뿐야,발라드,1990
20,유리창엔 비,햇빛촌,낮부터 내린 비는 이 저녁 유리창에 이슬만 뿌려놓고서 밤이 되면 더욱 커지는 시계소리처럼 내 마음을 흔들고 있네 이 밤 빗줄기는 언제나 숨겨놓은 내 맘에 비를 내리네 떠오는 아주 많은 시간들 속을 헤메이던 내 맘은 비에 젖는데 이젠 젖은 우산을 펼 수는 없는 것 낮부터 내린 비는 이 저녁 유리창에 슬픔만 뿌리고 있네 이 밤 마음속엔 언제나 남아있던 기억은 빗줄기처럼 떠오는 기억 스민 순간 사이로 내 마음은 어두운 비를 뿌려요 이젠 젖은 우산을 펼 수는 없는 것 낮부터 내린 비는 이 저녁 유리창에 슬픔만 뿌려 놓고서 밤이 되면 유리창에 내 슬픈 기억들을 이슬로 흩어 놓았네,발라드,1990
21,달팽이,패닉,집에 오는 길은 때론 너무 길어 나는 더욱 더 지치곤 해 문을 열자마자 잠이 들었다가 깨면 아무도 없어 좁은 욕조 속에 몸을 뉘었을 때 작은 달팽이 한 마리가 내게로 다가와 작은 목소리로 속삭여줬어 언젠가 먼 훗날에 저 넓고 거칠은 세상 끝 바다로 갈 거라고 아무도 못 봤지만 기억 속 어딘가 들리는 파도 소리 따라서 나는 영원히 갈래 모두 어딘가로 차를 달리는 길 나는 모퉁이 가게에서 담배 한 개비와 녹는 아이스크림 들고 길로 나섰어 해는 높이 떠서 나를 찌르는데 작은 달팽이 한 마리가 어느새 다가와 내게 인사하고 노랠 흥얼거렸어 언젠가 먼 훗날에 저 넓고 거칠은 세상 끝 바다로 갈 거라고 아무도 못 봤지만 기억 속 어딘가 들리는 파도 소리 따라서 나는 영원히 갈래 내 모든 걸 바쳤지만 이젠 모두 푸른 연기처럼 산산이 흩어지고 내게 남아 있는 작은 힘을 다해 마지막 꿈 속에서 모두 잊게 모두 잊게 해 줄 바다를 건널 거야 언젠가 먼 훗날에 저 넓고 거칠은 세상 끝 바다로 갈 거라고 아무도 못 봤지만 기억 속 어딘가 들리는 파도 소리 따라서 나는 영원히 갈래,록/메탈,1990
22,시청 앞 지하철 역에서,동물원,시청앞 지하철 역에서 너를 다시 만났었지 신문을 사려 돌아섰을때 너의 모습을 보았지 발 디딜틈 없는 그곳에서 너의 이름을 부를땐 넌 놀란 모습으로 음음음 너에게 다가가려 할때에 난 누군가의 발을 밟았기에 커다란 웃음으로 미안하다 말해야했었지 살아가는 얘기 변한 이야기 지루했던 날씨 이야기 밀려오는 추억으로 우린 쉽게 지쳐갔지 그렇듯 더디던 시간이 우리를 스쳐지난 지금 너는 두아이의 엄마라며 엷은 미소를 지었지 나의 생활을 물었을땐 나는 허탈한 어깨짓으로 어딘가에 있을 무언가를 아직 찾고 있다했지 언젠가 우리다시 만나는 날에 빛나는 열매를 보여준다했지 우리에 영혼에 깊이 새겨진 그날의 노래는 우리귀에 아직 아련한데 가끔씩 너를 생각한다고 들려주고 싶었지만 짧은 인사만을 남겨둔채 너는 내려야했었지 바삐 움직이는 사람들속에 너의 모습이 사라질때 오래전 그날처럼 내 마음에는 언젠가 우리다시 만나는 날에 빛나는 열매를 보여준다했지 우리에 영혼에 깊이 새겨진 그날의 노래는 우리귀에 아직 아련한데 라라라라라라라라,포크/블루스,1990
23,잘못된 만남,김건모,난 너를 믿었던 만큼 난 내 친구도 믿었기에 난 아무런 부담없이 널 내 친구에게 소개 시켜줬고 그런 만남이 있은 후로 부터 우리는 자주 함께 만나며 즐거운 시간을 보내며 함께 어울렸던 것뿐인데 그런 만남이 어디부터 잘못됐는지 난 알 수 없는 예감에 조금씩 빠져들고 있을때쯤 넌 나보다 내 친구에게 관심을 더 보이며 날 조금씩 멀리하던 그 어느날 너와 내가 심하게 다툰 그날 이후로 너와 내 친구는 연락도 없고 날 피하는 것같아 그제서야 난 느낀거야 모든것이 잘못돼 있는걸 너와 내 친구는 어느새 다정한 연인이 돼있었지 있을 수 없는 일이라며 난 울었어 내 사랑과 우정을 모두 버려야 했기에 또다른 내 친구는 내 어깰 두드리며 잊어버리라 했지만 잊지 못할것 같아 너를 사랑했던 것만큼 난 내 친구도 믿었기에 난 자연스럽게 너와 함께 어울렸던 것뿐인데 어디부터 우리의 믿음이 깨지기 시작했는지 난 알지도 못한채 어색함을 느끼면서 그렇게 함께 만나온 시간이 길어지면 질수록 넌 내게서 조금씩 멀어지는 것을 느끼며 난 예감을 했었지 넌 나보다 내 친구에게 관심이 더 있었다는 걸 그 어느날 너와 내가 심하게 다툰 그날 이후로 너와 내 친구는 연락도 없고 날 피하는 것같아 그제서야 난 느낀거야 모든것이 잘못돼 있는걸 너와 내 친구는 어느새 다정한 연인이 돼있었지 있을 수 없는 일이라며 난 울었어 내 사랑과 우정을 모두 버려야 했기에 또다른 내 친구는 내 어깰 두드리며 잊어버리라 했지만 잊지 못할것 같아,댄스,1990
24,꿈에서 본 거리,푸른하늘,아침에 문득 눈을 떠보니 낯설게 보이는 모든게 내주위에 가득차 일어나 다시 살펴 보았더니 오래된 내 작은방 어젯밤 꿈에 나는 보았지 하얗게 뻗어나가 있는 길옆에 그거리를 언제나 가슴으로 그리던 곳을 난 꿈 을 타고 찾아낸거야 빠알간 벽돌 길모퉁이에서 난 플라타나스 바라보면서 웃음이 아닌 다른 건 모두 잊은채 아무 생각 없이 앉아 있었지 어지럽던 내사랑도 이제는 하늘 저멀리 구름 위로 날려 버린채 숨가쁜 생활을 벗어날수있는 그곳은 내 꿈에서 본 거리일거야 빠알간 벽돌 길모퉁이에서 난 플라타나스 바라보면서 웃음이 아닌 다른 건 모두 잊은채 아무 생각 없이 앉아 있었지 어지럽던 내 사랑도 이제는 하늘 저멀리 구름 위로 날려 버린채 숨가쁜 생활을 벗어날수있는 그곳은 내 꿈에서 본 거리일거야 어지럽던 내사랑도 이제는 하늘 저멀리 구름 위로 날려 버린채 숨가쁜 생활을 벗어날 수 있는 그곳은 내 꿈에서 본 거리일거야,발라드,1990
25,사랑할수록,부활,한참 동안을 찾아가지 않은 저 언덕 넘어 거리엔 오래 전 그 모습 그대로 넌 서 있을 것 같아 내 기억보단 오래 되버린 얘기지 널 보던 나의 그 모습 이제는 내가 널 피하려고 하나 언젠가의 너처럼 이제 너에게 난 아픔이란 걸 너를 사랑하면 할수록 멀리 떠나가도록 스치듯 시간의 흐름 속에 내 기억보단 오래 되버린 얘기지 널 보던 나의 그 모습 이제는 내가 널 피하려고 하나 언젠가의 너처럼 이제 너에게 난 아픔이란걸 너를 사랑하면 할수록 멀리 떠나가도록 스치듯 시간의 흐름속에 이제 지나간 기억이라고 떠나며 말하던 너에게 시간이 흘러 지날수록 너를 사랑하면 할수록 너에게 난 아픔이었다는 걸 너를 사랑하면 할수록,록/메탈,1990
26,달의 몰락,김현철,달이 진다 달이 진다 달이 진다 달이 진다 나를 처음 만났을 때도 그녀는 나에게 말했지 탐스럽고 이쁜 저 이쁜 달 나랑 매일 만날 때에도 그녀는 나에게 말했어 탐스럽고 이쁜 달이 좋아 그녀가 좋아하던 저 달이 그녀가 사랑하던 저 달이 지네 달이 몰락하고 있네 나를 무참히 차 버릴 때도 그녀는 나에게 말했지 탐스럽고 이쁜 저 이쁜 달 나랑 완전히 끝난 후에도 누군가에게 말하겠지 탐스럽고 이쁜 달이 좋아 그녀가 좋아하던 저 달이 그녀가 사랑하던 저 달이 지네 달이 몰락하고 있네 그녀가 좋아하던 저 달이 그녀가 사랑하던 저 달이 지네 달이 몰락하고 있네 그녀가 좋아하던 저 달이 그녀가 사랑하던 저 달이 지네 달이 몰락하고 있네 나도 그녀를 잊을 수 있다면,발라드,1990
27,기억의 습작,전람회,이젠 버틸 수 없다고 휑한 웃음으로 내 어깨 기대어 눈을 감았지만 이젠 말할 수 있는 걸 너의 슬픈 눈빛이 나의 마음을 아프게 하는 걸 나에게 말해 봐 너의 마음 속으로 들어가 볼 수만 있다면 철없던 나의 모습이 얼만큼 의미가 될 수 있는지 많은 날이 지나고 너의 마음 지쳐갈 때 내 마음속으로 쓰러져가는 너의 기억이 다시 찾아와 생각이 나겠지 너무 커버린 미래의 그 꿈들 속으로 잊혀져 가는 나의 기억이 다시 생각날까 너의 마음 속으로 들어가 볼 수만 있다면 철없던 나의 모습이 얼만큼 의미가 될 수 있는지 많은 날이 지나고 너의 마음 지쳐갈 때 내 마음속으로 쓰러져가는 너의 기억이 다시 찾아와 생각이 나겠지 너무 커버린 내 미래의 그 꿈들 속으로 잊혀져 가는 나의 기억이 다시 생각날까 많은 날이 지나고,발라드,1990
28,미소 속에 비친 그대,신승훈,너는 장미보다 아름답진 않지만 그보다 더 진한 향기가 너는 별빛보다 환하지 않지만 그보다 더 따사로와 탁자위에 놓인 너의 사진을 보며 슬픈 목소리로 불러 보지만 아무 말도 없는 그댄 나만을 바라보며 변함없는 미소를 주네 내가 아는 사랑은 그댈 위한 나의 마음 그리고 그대의 미소 내가 아는 이별은 슬픔이라 생각했지 하지만 너무나 슬퍼 나는 울고 싶지 않아 다시 웃고 싶어졌지 그런 미소속에 비친 그대 모습 보면서 다시 울고 싶어지면 나는 그대를 생각하며 지난 추억에 빠져 있네 그대여 내가 아는 사랑은 그댈 위한 나의 마음 그리고 그대의 미소 내가 아는 이별은 슬픔이라 생각했지 하지만 너무나 슬퍼 나는 울고 싶지 않아 다시 웃고 싶어졌지 그런 미소 속에 비친 그대 모습 보면서 다시 울고 싶어지면 나는 그대를 생각하며 지난 추억에 빠져 있네 그대여 울고 싶지 않아 다시 웃고 싶어졌지 그런 미소속에 비친 그대 모습보면서 다시 울고 싶어지면 나는 그대를 생각하며 지난 추억에 빠져 있네 그대여,발라드,1990
29,나를 슬프게 하는 사람들,김경호,아무때고 네게 전활해 나야 하며 말을 꺼내도 누군지 한번에 알아낼 너의 단 한 사람 쇼윈도에 걸린 셔츠를 보면 제일 먼저 니가 떠올릴 사람 너의 지갑속에 항상 간직될 사람 네게 그런 사람이 나일 순 없는지 니 곁에 있는 내 친구가 아니라 언젠가 그가 너를 맘 아프게 해 너 혼자 울고있는 걸 봤어 달려가 그에게 나 이 말 해줬으면 그대가 울리는 그 한 여자가 내겐 삶의 전부라고 혼자서는 힘든 슬픔이 오면 제일 먼저 니가 찾아 줄 사람 너의 생일마다 꽃을 안겨 줄 사람 네게 그런 사람이 나일 순 없는지 니 곁에 있는 내 친구가 아니라 언젠가 그가 너를 맘 아프게 해 너 혼자 울고있는 걸 봤어 달려가 그에게 나 이 말 해줬으면 나의 일생을 모두 주어도 난 얻지 못하는 그녈 가진 그대라고 그녈 곁에 둔 이유만으로 다른 이 세상 누구보다 그댄 행복한거라고 언젠가 그가 너를 맘 아프게 해 너 혼자 울고있는 걸 봤어 달려가 그에게 나 이 말 해줬으면 그대,록/메탈,1990
30,또 다른 만남을 위해,김민종,멀게만 느낀 우리의 이별 짧았던 그 순간 아쉬움을 남긴 채 떠나야 했던 소중했던 친구여 아무런 표정도 없이 그저 담담히 손 흔드는 네 모습 또 다른 만남위해 잠시 떠나야 할 뿐 젖어드는 내마음을 너는 알거야 오오 마음 울적해진 비가 오는 날엔 나를 그리며 싫은 사연 속에 너를 만나겠지예~ 낯선 너의 모습보며 눈물 글썽이는 내 맘 아프겠지만 그리운 친구여 또 다른 만남을 위해,발라드,1990
31,그 후로 오랫동안,신승훈,우연인지 몰라도 네가 눈물 흘릴 때마다 하늘에선 비가 내렸어 익숙해져버린 난 그냥 너의 슬픈 눈을 보면서 차가운 한마디 울지마 하지만 이제 나도 그때처럼 비가 내리면 눈물을 흘리고 있어 내게 너무나도 소중한 네가 내 곁에 없다는 이유로 난 비와 함께 울고 있었던 거야 그 후로 오랫동안 비가 왔어 내리는 비만큼 나도 울었어 하지만 더 견딜 수가 없는 건 어디선가 너도 나처럼 울고 있다는 생각에 하늘이여 나를 도와줘 그렇게 울고 있지 말고 내 님이 있는 곳 너는 쉽게 알 수 있잖아 내가 살아있는 동안에 한번만이라도 그대를 우연일지라도 너를 믿을게 너의 눈물 맞으며 그 후로 오랫동안 비가 왔어 내리는 비만큼 나도 울었어 하지만 더 견딜 수가 없는 건 어디선가 너도 나처럼 울고 있다는 생각에 하늘이여 나를 도와줘 그렇게 울고 있지 말고 내 님이 있는 곳 너는 쉽게 알 수 있잖아 내가 살아있는 동안에 한번만이라도 그대를 우연일지라도 너를 믿을게 너의 눈물 맞으며,발라드,1990
32,당신은 어디 있나요,양수경,그래요 말을 해 봐요 나는 알고 있어요 어젯 밤에 그 맹세가 무엇을 말 하는지 그래요 떠나갈게요 당신이 원하신다면 한 번 가면 그 뿐이에요 이대로 떠나겠어요 아하 내가 외로울 땐 날 위로 해주던 아 그런 당신은 당신은 어디 있나요 마음대로 왔다가 마음대로 그렇게 그렇게 가시나요 말 해봐요 말 해봐요 사랑이 죄 인가요 그래요 말을 해 봐요 나는 알고 있어요 어젯 밤에 그 맹세가 무엇을 말 하는지 그래요 떠나갈게요 당신이 원하신다면 한 번 가면 그 뿐이에요 이대로 떠나겠어요 아하 내가 외로울 땐 날 위로 해주던 아 그런 당신은 당신은 어디 있나요 마음대로 왔다가 마음대로 그렇게 그렇게 가시나요 말해봐요 말해봐요 사랑이 죄인가요 마음대로 왔다가 마음대로 그렇게 그렇게 가시나요 말 해봐요 말 해봐요 사랑이 죄 인가요,발라드,1990
33,비오는 날 수채화,김현식,빗방울 떨어지는 그 거리에 서서 그대 숨소리 살아있는 듯 느껴지면 깨끗한 붓 하나를 숨기듯 지니고 나와 거리에 투명하게 색칠을 하지 음악이 흐르는 그 카페엔 초콜렛색 물감으로 빗방울 그려진 그 가로등불 아랜 보라색 물감으로 세상 사람 모두가 도화지 속에 그려진 풍경처럼 행복하면 좋겠네 욕심 많은 사람들 얼굴 찌푸린 사람들 마치 그림처럼 행복하면 좋겠어 음악이 흐르는 그 카페엔 초콜렛색 물감으로 빗방울 그려진 그 가로등불 아랜 보라색 물감으로 세상 사람 모두가 도화지 속에 그려진 풍경처럼 행복하면 좋겠네 욕심 많은 사람들 얼굴 찌푸린 사람들 마치 그림처럼 행복하면 좋겠어 빗방울 떨어지는 그 거리에 서서 그대 숨소리 살아있는 듯 느껴지면 깨끗한 붓 하나를 숨기듯 지니고 나와 거리에 투명하게 색칠을 하지,"록/메탈, 국내영화",1990
34,언제나 그 자리에,신효범,어두운 창밖 불빛 사이로 얼룩진 그대의 슬픔이 고개 숙인 채 앉아 흐느끼는 눈물로 지워질 수 있을까 뒤돌아 보면 차가운 바람 가슴을 스치고 간 긴 외로움 슬픔이라 생각하지 않으려해도 언제나 그 자리에 곁에 있어도 그대는 남인것처럼 멀리 있는 것만 같았지 그대가 나를 왜 떠나려고 했는지 이제 나는 알 것 같아 나의 작은 실수 하나 조차도 힘겨워하던 그대를 보며 우리 서로 말없이 헤어진 지금이 오히려 사랑일꺼야 곁에 있어도 그대는 남인것처럼 멀리 있는 것만 같았지 그대가 나를 왜 떠나려고 했는지 이제 나는 알 것 같아 나의 작은 실수 하나 조차도 힘겨워하던 그대를 보며 우리 서로 말없이 헤어진 지금이 오히려 사랑일꺼야 나의 작은 실수 하나 조차도 힘겨워하던 그대를 보며 우리 서로 말없이 헤어진 지금이 오히려 사랑일꺼야,발라드,1990
35,사랑을 할꺼야,녹색지대,이젠 나도 널 잊겠어 너무 힘이 들잖아 원하는 대로 해줄 순 있지만 난 더 이상 해줄게 없어 그런 나를 욕하지마 후회 할지도 몰라 철없는 생각 시간이 흐르면 그땐 이미 늦은걸 모든 것을 주는 그런 사랑을 해봐 받으려고만 하는 그런 사랑말고 너도 알고 있잖아 끝이 없는 걸 서로 참아야만 하는 걸 사랑을 할거야 사랑을 할거야 아무도 모르게 너만을 위하여 나를 지켜봐줘 나를 지켜봐줘 아무도 모르는 사랑을 모든 것을 주는 그런 사랑을 해봐 받으려고만 하는 그런 사랑말고 너도 알고 있잖아 끝이 없는 걸 서로 참아야만 하는 걸 사랑을 할거야 사랑을 할거야 아무도 모르게 너만을 위하여 나를 지켜봐줘 나를 지켜봐줘 아무도 모르는 사랑을 사랑을 할거야 사랑을 할거야 아무도 모르게 너만을 위하여 나를 지켜봐줘 나를 지켜봐줘 아무도 모르는 사랑을,발라드,1990
36,오래전 그날,윤종신,교복을 벗고 처음으로 만났던 너 그때가 너도 가끔 생각 나니 뭐가 그렇게도 좋았었는지 우리들만 있으면 너의 집 데려다 주던 길을 걸으며 수줍게 나눴던 많은 꿈 너를 지켜주겠다던 다짐 속에 그렇게 몇해는 지나 너의 새 남자친구 얘길 들었지 나 제대하기 얼마 전 이해했던 만큼 미움도 커졌었지만 오늘 난 감사 드렸어 몇 해 지나 얼핏 너를 봤을때 누군가 널 그처럼 아름답게 지켜주고 있었음을 그리고 지금 내 곁엔 나만을 믿고 있는 한 여자와 잠못드는 나를 달래는 오래전 그 노래 만이 새 학기가 시작되는 학교에는 그 옛날 우리의 모습이 있지 뭔가 분주하게 약속이 많은 스무살의 설레임 너의 학교 그 앞을 난 가끔 거닐지 일상에 찌들어 갈때면 우리 슬픈 계산이 없었던 시절 난 만날수 있을테니 너의 새 남자친구 얘길 들었지 나 제대하기 얼마 전 이해했던 만큼 미움도 커졌었지만 오늘 난 감사 드렸어 몇 해 지나 얼핏 너를 봤을때 누군가 널 그처럼 아름답게 지켜주고 있었음을 그리고 지금 내 곁엔 나만을 믿고 있는 한 여자와 잠못드는 나를 달래는 오래전 그 노래 만이,발라드,1990
37,마지막 콘서트,이승철,지금 슬픈 내 모습은 무대뒤 한 소녀 애써 눈물 참으며 바라보고 있네 무대 뒤에 그 소녀는 작은 의자에 앉아 두 손 곱게 모으고 바라 보며 듣네 나의 얘기를 워 소녀는 나를 알기에 더더욱 슬퍼지네 노래는 점점흐르고 소녀는 울음 참지 못해 밖으로 나가버리고 노랜 끝이 났지만 이젠 부르지 않으리 에 이 슬픈 노래 밖으로 나가 버리고 노랜 끝이났지만 이젠 부르지 않으리 에 이 슬픈 노래,발라드,1990
38,김성호의 회상,김성호,바람이 몹시 불던 날이었지 그녀는 조그만 손을 흔들고 어색한 미소를 지으면서 너의 눈을 보았지 으흠 하지만 붙잡을 수는 없었어 지금은 후회를 하고 있지만 멀어져가는 뒷모습 보면서 두려움도 느꼈지 으흠 나는 가슴 아팠어 때로는 눈물도 흘렸지 이제는 혼자라고 느낄때 보고싶은 마음 한이 없지만 찢어진 사진 한장 남지 않았네 그녀는 울면서 갔지만 내 맘도 편하지는 않았어 그때는 너무나 어렸었기에 그녀의 소중함을 알지 못했네 그렇게 나쁘진 않았어 그녀와 함께 했던 시간들은 한 두번 원망도 했었지만 좋은 사람이었어 으흠 하지만 꼭 그렇진 않아 너무 내 맘을 아프게 했지 서로 말없이 걷기도 했지만 좋은 기억이었어 으흠 너무 아쉬웠었어 때로는 눈물도 흘렸지 이제는 혼자라고 느낄때 보고싶은 마음 한이 없지만 찢어진 사진 한장 남지 않았네 그녀는 울면서 갔지만 내 맘도 편하지는 않았어 그때는 너무나 어렸었기에 그녀의 소중함을 알지 못했네 때로는 눈물도 흘렸지 이제는 혼자라고 느낄때 보고싶은 마음 한이 없지만 찢어진 사진 한장 남지 않았네 그녀는 울면서 갔지만 내 맘도 편하지는 않았어 그때는 너무나 어렸었기에 그녀의 소중함을 알지 못했네,발라드,1990
39,보고싶은 얼굴,민해경,내사랑 어디 쯤에 있나 밤은 더 외로워만지고 눈으로 주고받던 말이 손으로 느껴지는데 수없이 많은 밤은 가고 마음은 그대 향해 있어 서글퍼 눈물이 흘러도 보고싶은 얼굴 메마른 가슴 끌어안고 정들은 사람 그리면서 혼자서 지새우는 밤에 보고싶은 사람 내사랑 어디 쯤에 있나 밤은 더 외로워만지고 눈으로 주고 받던 말이 손으로 느껴지는데 수없이 많은 밤은 가고 마음은 그대 향해 있어 서글퍼 눈물이 흘러도 보고싶은 얼굴 메마른 가슴 끌어안고 정들은 사람 그리면서 혼자서 지새우는 밤에 보고싶은 사람 랄라라 라라라라 라라 랄라라 라라라라 라라 혼자서 지새우는 밤에 보고싶은 사람 수없이 많은밤은 가고 마음은 그대향해 있어 서글퍼 눈물이 흘러도 보고싶은 얼굴,발라드,1990
40,넌 할 수 있어,강산에,후회하고 있다면 깨끗이 잊어버려 가위로 오려낸 것처럼 다 지난 일이야 후회하진 않는다면 소중하게 간직해 언젠가 웃으며 말할 수 있을 때까지 너를 둘러싼 그 모든 이유가 견딜수 없이 너무 힘들다해도 너라면 할 수 있을거야 할 수가 있어 그게 바로 너야 굴하지 않는 보석같은 마음 있으니 어려워마 두려워마 아무것도 아니야 천천히 눈을감고 다시 생각해 보는 거야 세상이 너를 무릎 꿇게 하여도 당당히 네 꿈을 펼쳐 보여줘 너라면 할 수 있을꺼야 할수가 있어 그게 바로 너야 굴하지 않는 보석같은 마음있으니 할수 있을꺼야 할수가 있어 그게 바로 너야 굴하지 않는 보석같은 마음있으니 굴하지 않는 보석같은 마음있으니,록/메탈,1990
41,그대품에 잠들었으면,박정수,"나는 그대의 빈틈이 있었으면 사랑했을 것이다, 사랑했을 것이다 어둠은 내려 않는데 음~ 그대 들려줄 한 줄 시도 못 쓰고 기억 속으로 차가운 안개비 안개비만 내린다 홑이불처럼 시각거리며 가슴조미는 그리움 쌓이고 세상에 온통 시들었어도 깊고 고요한 그대품에서 잠들었으면 잠시라도 잠들었으면... 그대 들려줄 한 줄 시도 못 쓰고 기억 속으로 차가운 안개비 안개비만 내린다 홑이불처럼 시각거리며 가슴조미는 그리움 쌓이고 세상에 온통 시들었어도 깊고 고요한 그대품에서 잠들었으면 잠시라도 잠들었으면..",포크/블루스,1990
42,방황,이승철,매일 신문에 나고 있는 건 골치 아픈 사연들일 뿐 지금이라도 늦진 않았어 이 거리로 뛰어 나가 보면 술에 취해 거릴 보면 어지러운 깜깜한 밤 유혹하듯 날 쳐다 보는 초점 없는 시선 시선 어딜 가야 찾을 수 있을까 어딜 가야 찾을 수 있을까 파란 넥타이 줄 무늬 팬티 그것 만이 전부는 아냐 까만 내 방을 밝게 비춰 줄 사랑을 찾아 또 나 떠나 가네 어딜 가야 찾을 수 있을까 어딜 가야 찾을 수 있을까 파란 넥타이 줄 무늬 팬티 그것 만이 전부는 아냐 까만 내 방을 밝게 비춰 줄 사랑을 찾아 또 나 떠나 가네 어딜 가야 찾을 수 있을까 어딜 가야 찾을 수 있을까 파란 넥타이 줄 무늬 팬티 그것 만이 전부는 아냐 까만 내 방을 밝게 비춰 줄 사랑을 찾아 또 나 떠나 가네 파란 넥타이 줄 무늬 팬티 그것 만이 전부는 아냐 까만 내 방을 밝게 비춰 줄 사랑을 찾아 또 나 떠나 가네,발라드,1990
43,너를 사랑하고도,전유나,너를 사랑하고도 늘 외로운 나는 가눌 수 없는 슬픔에 목이 메이고 어두운 방구석에 꼬마인형처럼 멍한 눈 들어 창 밖을 바라만 보네 너를 처음 보았던 그 느낌 그대로 내 가슴속에 머물길 원했었지만 서로 다른 사랑을 꿈꾸었었기에 난 너의 마음 가까이 갈수 없었네 저 산하 늘 노을은 항상 나의 창에 붉은 입술을 부딪쳐서 검게 멍들고 멀어지는 그대와 나의 슬픈 사랑은 초라한 모습 감추며 돌아서는데 이젠 더이상 슬픔은 없어 너의 마음을 이제 난 알아 사랑했다는 그말 난 싫어 마지막 까지 웃음을 보여줘 저 산하늘 노을은 항상 나의 창에 붉은 입술을 부딪혀서 검게 멍들고 멀어지는 그대와 나의 슬픈 사랑은 초라한 모습 감추며 돌아서는데 이젠 더이상 슬픔은 없어 너의 마음을 이제 난 알아 사랑했다는 그말 난 싫어 마지막 까지 웃음을 보여줘 이젠 더이상 슬픔은 없어 너의 마음을 이제 난 알아 사랑했다는 그말 난 싫어 마지막 까지 웃음을 보여줘,발라드,1990
44,너의 결혼식,윤종신,몰랐었어 네가 그렇게 예쁜지 웨딩드레스 하얀 네 손엔 서글픈 부케 수줍은 듯한 네 미소 이해할게 너의 부모님 말씀을 지금 보니 네 옆의 그 사람은 널 아마 행복하게 해 줄 꺼야 하지만 넌 잊을 수 있니 그 맹세 마지막을 함께 하자던 울었잖아 촛불을 켜고 무엇도 우릴 갈라 놀 순 없다고 세상 그 누구보다 난 널 알잖아 순결한 너의 비밀 너의 꿈을 나를 보지만 지금 니 모습에 우는 날 난 지키고 있을게 촛불의 약속 괜찮아 너는 잠시 잊어도 돼 널 맡긴거야 이 세상은 잠시 뿐인걸 하지만 넌 잊을 수 있니 그 맹세 마지막을 함께 하자던 울었잖아 촛불을 켜고 무엇도 우릴 갈라 놀 순 없다고 세상 그 누구보다 난 널 알잖아 순결한 너의 비밀 너의 꿈을 나를 보지만 지금 니 모습에 우는 날 난 지키고 있을게 촛불의 약속 괜찮아 너는 잠시 잊어도 돼 널 맡긴거야 이 세상은 잠시 뿐인걸 세상 그 누구보다 난 널 알잖아 순결한 너의 비밀 너의 꿈을 나를 보지만 지금 니 모습에 우는 날 난 지키고 있을게 촛불의 약속 괜찮아 너는 잠시 잊어도 돼,발라드,1990
45,이 밤의 끝을 잡고,솔리드,다신 널 볼 수 없겠지 나의 입술이 너의 하얀 어깨를 감싸 안으며 그렇게 우린 이 밤의 끝을 잡고 사랑했지만 마지막 입맞춤이 아쉬움에 떨려도 빈 손으로 온 내게 세상이 준 선물은 너란 걸 알기에 참아야겠지 내 맘 아프지 않게 그 누구보다도 행복하게 살아야 해 모든 걸 잊고 이 밤의 끝을 잡고 있는 나의 사랑이 더 이상 초라하지 않게 나를 위해 울지 마 난 괜찮아 그래 어쩌면 난 오래 전부터 우리의 사랑도 어쩔 수 없는 이별이 찾아 올지도 모른다고 생각했어 하지만 울지 마 이 밤의 끝은 내가 잡고 있을 테니 넌 그렇게 언제나 웃으면서 살아야 돼 제발 울지 말고 나를 위해 웃어줘 제발 마지막 입맞춤이 아쉬움에 떨려도 빈 손으로 온 내게 세상이 준 선물은 너란 걸 알기에 참아야겠지 내 맘 아프지 않게 그 누구보다도 행복하게 살아야 해 모든 걸 잊고 이 밤의 끝을 잡고 있는 나의 사랑이 더 이상 초라하지 않게 나를 위해 울지 마 난 괜찮아 나의 가슴으로 너와 함께 나누었던 이 밤을 간직한 채 잠시 널 묻어야 하겠지 나의 눈물이 널 붙잡고 있지만 니가 힘들지 않게 웃으며 보내야 겠지 내 맘 아프지 않게 그 누구보다도 행복하게 모든 걸 잊고 이 밤의 끝을 잡고 있는 나의 사랑이 더 이상 초라하지 않게 나를 위해 울지마 난 괜찮아 우,R&B/Soul,1990
46,마법의 성,더 클래식,믿을 수 있나요 나의 꿈 속에서 너는 마법에 빠진 공주란걸 언제나 너를 향한 몸짓엔 수많은 어려움 뿐이지만 그러나 언제나 굳은 다짐 뿐이죠 다시 너를 구하고 말거라고 두 손을 모아 기도했죠 끝 없는 용기와 지혤 달라고 마법의 성을 지나 늪을 건너 어둠의 동굴 속 멀리 그대가 보여 이제 나의 손을 잡아보아요 우리의 몸이 떠오르는 것을 느끼죠 자유롭게 저 하늘을 날아가도 놀라지 말아요 우리 앞에 펼쳐질 세상이 너무나 소중해 함께라면 마법의 성을 지나 늪을 건너 어둠의 동굴 속 멀리 그대가 보여 이제 나의 손을 잡아보아요 우리의 몸이 떠오르는 것을 느끼죠 자유롭게 저 하늘을 날아가도 놀라지 말아요 우리 앞에 펼쳐질 세상이 너무나 소중해 함께 있다면 -,발라드,1990
47,먼지가 되어,이윤수,바하에 선율에 젖은 날에는 잊었던 기억들이 피어나네요 바람에 날려간 나의 노래도 휘파람 소리로 돌아오네요 내 조그만 공간 속에 추억만 쌓이고 까닭 모를 눈물만이 아롱거리네 작은 가슴을 모두 모두어 시를 써봐도 모자란 당신 먼지가 되어 날아가야지 바람에 날려 당신 곁으로 작은 가슴을 모두 모두어 시를 써봐도 모자란 당신 먼지가 되어 날아가야지 바람에 날려 당신 곁으로,포크/블루스,1990
48,그녀를 만나는 곳 100M 전,이상우,저기 보이는 노란 찻집 오늘은 그녈 세번째 만나는 날 마음은 그곳을 달려가고 있지만 가슴이 떨려오네 새로 산 구두가 어색해 자꾸 쇼윈도에 날 비춰봐도 멀쓱한 내 모습이 더 못 마땅한 장미꽃 한송이를 안겨줄까 무슨말을 어떻게 할까 머리속에 가득한 그녀 모습이 조금씩 내게 다가오는 것 같아 하늘에 구름이 솜사탕이 아닐까 어디 한번 뛰어 올라 볼까 오늘은 그녀에게 고백을 해야지 용기를 내야지 벌써 날 기다리진 않을까 아직 15분이나 남았는데 어제밤에 맞춰 논 내 시계 바늘이 잠든게 아닐까 살살 넘겨빗은 머리가 바람에 날려 흩어지진 않을까 오늘따라 이 길이 더 멀어보이네 장미꽃 한송이를 안겨줄까 무슨말을 어떻게 할까 머리속에 가득한 그녀 모습이 조금씩 내게 다가오는 것 같아 하늘에 구름이 솜사탕이 아닐까 어디 한번 뛰어 올라 볼까 오늘은 그녀에게 고백을 해야지 용기를 내야지 나나나 나나 나나나나 나나 나나나 나나 나나나나 나나 머리속에 가득한 그녀 모습이 조금씩 내게 다가오는 것 같아 하늘에 구름이 솜사탕이 아닐까 어디 한번 뛰어 올라 볼까 오늘은 그녀에게 고백을 해야지 용기를 내야지 용기를 내야지,발라드,1990
49,난 행복해,이소라,날 용서해 너에게 이런 말 정말 하고 싶진 않아 그러나 이젠 어쩔 수 없는 일이야 그 사람을 사랑하지 않게 해달라고 기도했어 하지만 이제 너무 늦었어 그렇게도 해맑게 웃던 네 모습을 난 기억해 다음 번엔 나같은 여자 만나지마 행복해야해 넌 반드시 좋은 사람 만나 다시 사랑해야 하고 저 기억 너머로 그렇게 나를 잊어야 해 그렇게도 해맑게 웃던 네 모습을 난 기억해 다음번엔 나같은 여자 만나지마 행복해야해 내게 힘이되도록 해맑게 웃던 니 모습을 난 기억해 그리고 다음번엔 나같은 여자 만나지마 제발 행복해야해 난 행복해 그동안 널 볼수 있던 그날들 때문에 난 널 못 잊어 죽는 날까지 사랑해,발라드,1990
50,Gee,소녀시대 (GIRLS' GENERATION),너무 너무 멋져 눈이 눈이 부셔 너무 부끄러워 쳐다 볼 수 없어 어떻게 하죠 어떡 어떡하죠 떨리는 나는 떨리는 나는요 두근 두근 두근 두근 두근 두근거려 밤엔 잠도 못 이루죠 나는 나는 바본가봐요 그대 그대밖에 모르는 바보 그래요 그댈 보는 난 너무 반짝 반짝 눈이 부셔 너무 깜짝 깜짝 놀란 나는 너무 짜릿 짜릿 몸이 떨려 너무 너무 예뻐 맘이 너무 예뻐 너무나 뜨거워 만질 수가 없어 어쩌면 좋아 어쩌면 좋아요 수줍은 나는 수줍은 나는요 몰라 몰라 몰라 몰라 몰라 몰라 하며 매일 그대만 그리죠 친한 친구들은 말하죠 정말 너는 정말 못 말려 바보 하지만 그댈 보는 난 너무 반짝 반짝 눈이 부셔 너무 깜짝 깜짝 놀란 나는 너무 짜릿 짜릿 몸이 떨려 말도 못했는 걸 너무 부끄러워 하는 난 용기가 없는 걸까 어떡해야 좋은걸까 두근 두근 맘 졸이며 바라보고 있는 난 너무 반짝 반짝 눈이 부셔 너무 깜짝 깜짝 놀란 나는 너무 짜릿 짜릿 몸이 떨려 너무 반짝 반짝 눈이 부셔 너무 깜짝 깜짝 놀란 나는 너무 짜릿 짜릿 몸이 떨려,댄스,2000
51,점점,브라운 아이즈,점점 넌 멀어지나봐 웃고 있는 날 봐 때론 며칠씩 편하게 지내 점점 널 잊는 것 같아 먼일처럼 점점 넌 떠나가나봐 하루는 미치고 다음 날이면 괜찮아졌어 다만 슬픔에 익숙해질 뿐인걸 점점 어쩌다 또 생각나 너를 그릴 때가 오면 숨막히게 지쳐 애써 참아낼 수 있겠지 그렇게 널 버려 내 아픔도 점점 점점 넌 멀어지나봐 그게 편해지나봐 너의 얼굴도 생각이 안나 점점 너를 버릴 것 같아 나 어느새 점점 어쩌다 또 생각나 너를 그릴 때가 오면 숨막히게 지쳐 애써 참아낼 수 있겠지 그렇게 널 버려 내 아픔도 점점 어쩌다 또 생각나 너를 그릴 때가 오면 숨막히게 지쳐 애써 참아낼 수 있겠지 그렇게 널 버려 이젠 낯선 목소리에 너를 부르는걸 시간이 나를 다 버리고 내 슬픔도 이제 멀어져가 점점,R&B/Soul,2000
52,사랑했나봐,윤도현,이별은 만남보다 참 쉬운 건가봐 차갑기만 한 사람 내 맘 다 가져간걸 왜 알지 못하나 보고싶은 그 사람 사랑했나봐 잊을 수 없나봐 자꾸 생각나 견딜수가 없어 후회하나봐 널 기다리나봐 또 나도 몰래 가슴 설레어와 저기 널 닮은 뒷 모습에 기억은 계절따라 흩어져 가겠지 차갑기만 한 사람 빈 가슴 애태우며 난 기다리겠지 어설픈 내 사랑은 사랑했나봐 잊을수 없나봐 자꾸 생각나 견딜 수 가 없어 후회 하나봐 널 기다리나봐 또 나도 몰래 가슴 설레어와 저기 널 닮은 뒷 모습에 기억은 계절따라 흩어져 가겠지 차갑기만 한 사람 빈 가슴 애태우며 난 기다리겠지 어설픈 내 사랑은 못되게 눈 돌리며 외면한 니 모습 모른 척 할래 한번쯤은 날 뒤돌아 보며 아파했다 믿을래 바보인가봐 한마디 못하는 잘 지내냐는 그 쉬운 인사도 행복한가봐 여전한 미소는 자꾸만 날 작아지게 만들어 멀어지는 니 모습처럼 언젠가 다른사람 만나게 되겠지 널 닮은 미소짓는 하지만 그 사람은 니가 아니라서 왠지 슬플 것 같아 잊을 수 없는 사람 -,록/메탈,2000
53,마지막 인사,BIGBANG,마지막 인사는 접어두길 바래 오늘 단 하루만큼은 까지 안고 가줘 조금 어색하지만 서로 아직 사랑하고 있는데 두렵기는 하지만서도 끝이 보이지만 상처만 가득히 모질게 날 대하던 너 어르고 달래 또 반복돼 널 피하던 나 어디서부터 어긋났을까 기나긴 고민 해답없는 문제속에 헤매여 난 미로 미로 속에 갇힌 길 잃은 방랑자 마냥 이도저도 못해 난 마냥 기다리기만 할 뿐 사뿐 사뿐히 내게 우리 처음 만난 때 처럼 풋풋하던 그때 처럼 이런 이런 이런 저런 저런 저런 너와 내 사이의 끈 절대 놓지 말어 마지막 인사는 접어두길 바래 오늘 단 하루만큼은 까지 안고 가줘 조금 어색하지만 서로 아직 사랑하고 있는데 두렵기는 하지만서도 끝이 보이지만 아무런 말 없이 떠나 연락없고 아무 말 않고 그러다 어느날 갑자기 나타나고 무슨 일 있었냔 듯 날 갖고 노는 건지 이게 사랑이 맞는 건지 하루에도 열두번 더 헷갈리고 한 두번 갖고 놀던 장난감 넌 뭘 원했냐고 되물어봤어 달콤함은 아주 잠깐 우린 너무쉽게 녹아버린 솜사탕 지친 가슴 이젠 나도 막지 못 할 것만 같아 어서 날 잡아줘 떠나가기 전에 마지막 인사는 접어두길 바래 오늘 단 하루만큼은 까지 안고 가줘 조금 어색하지만 서로 아직 사랑하고 있는데 두렵기는 하지만서도 끝이 보이지만 여전히 널 사랑하지만 누구도 네 자릴 마지막 인사는 접어두길 바래 오늘 단 하루만큼은 까지 안고 가줘 조금 어색하지만 서로 아직 사랑하고 있는데 두렵기는 하지만서도 끝이 보이지만 끝이 보이지만,"댄스, 랩/힙합",2000
54,사랑의 시(時),엠씨더맥스 (M.C the MAX),한참을 앓고 있죠 사랑한단 뜻이예요 이 사랑을 깨달은 순간이 제 인생에 젤 힘든 날이였죠 피할 수 없어 부딪힌 거라고 비킬 수도 없어 받아 들인 거라고 하지만 없죠 절 인정할 사람 세상은 제 맘 미친 장난으로 볼 거겠죠 바람이 차네요 제 얘기를 듣나요 저 같은 사랑 해봤던 사람 혹 있다면은 절 이해할 테죠 단념은 더욱 집착을 만들고 단념은 더욱 나를 아프게 하고 어떻게 하죠 너무 늦었는데 세상과 저는 다른 사랑을 앓고 있네요 피할 수 없어 부딪힌 거라고 비킬 수도 없어 받아 들인 거라고 하지만 없죠 절 인정할 사람 세상은 제 맘 미친 장난으로 볼 거겠죠 담배도 없네요 달도 쓸쓸하네요 저 같은 사랑 시작한 사람 혹 있다면은 도망쳐요,발라드,2000
55,벌써 일년,브라운 아이즈,처음이라 그래 며칠뒤엔 괜찮아져 그 생각만으로 벌써 일년이 너와 만든 기념일마다 슬픔은 나를 찾아와 처음 사랑 고백하며 설렌 수줍음과 우리 처음 만난날 지나가고 너의 생일엔 눈물의 케이크 촛불 켜고서 축하해 벌써 일년이 지났지만 일년뒤에도 그 일년뒤에도 널 기다려 너무 보고싶어 돌아와줘 말 못했어 널 보는 따뜻한 그의 눈빛과 니 왼손에 껴진 반지보다 빛난 니 얼굴 때문에 다시 시작한 널 알면서 이젠 나없이 추억을 만드는 너라는걸 내가 기억하는 추억은 언제나 지난 웃음과 얘기와 바램들 또 새로 만들 추억은 하나뿐 내 기다림과 눈물 속 너일뿐 다시 시작한 널 알면서 이젠 나없이 추억을 만드는 너라는걸 벌써 일년이 지났지만 일년뒤에도 그 일년뒤에도 널 기다려,R&B/Soul,2000
56,No.1,보아 (BoA),어둠속에 니 얼굴 보다가 나도 몰래 눈물이 흘렀어 소리 없이 날 따라오며 비춘건 처음 내 사랑 비춰 주던 넌 나의 이별까지 본거야 날 찾지 말아줘 나의 슬픔 가려줘 저 구름 뒤에 너를 숨겨 빛을 닫아줘(닫아줘) 그를 아는 이 길이 내 눈물 모르게 변한 그를 욕하진 말아줘 니 얼굴도 조금씩 변하니까 나의 사랑도 지난 추억도 모두 다 사라져 가지만 보름이 지나면 작아지는 슬픈 빛 날 대신해서 그의 길을 배웅 해 줄래(해줄래) 못다 전한 내 사랑 나처럼 비춰줘 가끔 잠든 나의 창에 찾아와 그의 안불 전해 줄래 나 꿈결 속에서 따뜻한 그의 손 느낄 수 있도록 하지만 오늘밤 날 찾지 말아줘 나의 슬픔 가려줘 저 구름뒤에 너를 숨겨 빛을 닫아줘(닫아줘) 그를 아는 이 길이 내 눈물 모르게 보름이 지나면 작아 지는 슬픈 빛 날 대신해서 그의 길을 배웅 해줄래(해줄래) 못다 전한 내 사랑,댄스,2000
57,하루 하루,BIGBANG,떠나가 파도처럼 부서진 내맘 바람처럼 흔들리는 내 맘 연기처럼 사라진 내 사랑 문신처럼 지워지지 않아 한숨만 땅이 꺼지라 쉬죠 내 가슴속에 먼지만 쌓이죠 못 살것만 같았던 나 생각과는 다르게도 그럭저럭 혼자 잘 살아 보고싶다고 불러봐도 넌 아무 대답없잖아 헛된 기대 걸어봐도 이젠 소용없잖아 네 옆에 있는 그 사람이 뭔지 혹시 널 울리진 않는지 그대 내가 보이긴 하는지 벌써 싹 다 잊었는지 걱정돼 다가가기 조차 말을 걸 수 조차 없어 애 태우고 나 홀로 밤을 지새우죠 수백번 지워내죠 돌아보지 말고 떠나가라 또 나를 찾지 말고 살아가라 너를 사랑했기에 후회 없기에 좋았던 기억만 가져가라 그럭저럭 참아볼만해 그럭저럭 견뎌낼만해 넌 그럴수록 행복해야돼 하루하루 무뎌져 가네 길을 걷다 너와 나 우리 마주친다 해도 못 본척 하고서 그대로 가던 길 가줘 자꾸만 옛 생각이 떠오르면 아마도 나도 몰래 그댈 찾아 갈지도 몰라 넌 늘 그 사람과 행복하게 넌 늘 내가 다른 맘 안 먹게 넌 늘 작은 미련도 안 남게끔 잘 지내줘 나 보란 듯이 넌 늘 저 하늘같이 하얗게 뜬 구름과도 같이 새파랗게 넌 늘 그래 그렇게 웃어줘 아무일 없듯이 돌아보지 말고 떠나가라 또 나를 찾지 말고 살아가라 너를 사랑했기에 후회 없기에 좋았던 기억만 가져가라 그럭저럭 참아볼만해 그럭저럭 견뎌낼만해 넌 그럴수록 행복해야돼 하루하루 무더져 가네 나를 떠나서 맘 편해지길 나를 잊고서 살아가줘 하루하루 지나면 차라리 만나지 않았더라면 덜 아플텐데 영원히 함께하자던 그 약속 이젠 널 위해 기도해 돌아보지 말고 떠나가라 또 나를 찾지 말고 살아가라 너를 사랑했기에 후회 없기에 좋았던 기억만 가져가라 그럭저럭 참아볼만해 그럭저럭 견뎌낼만해 넌 그럴수록 행복해야돼 하루하루 무뎌져 가네,"댄스, 랩/힙합",2000
58,I Love You,포지션,해줄 말이 없네요 사랑해요 이제와서 무슨 소용 있겠어요 다신 볼 수 없는 이별인데 돌이킬 수 없는 걸 잘 알고 있지만 어떻게든 그대 잡아 두고 싶은걸 우- 이 세상 아니라도 언젠가 우리 다시 만날텐데 눈물 한방울도 보여선 안되겠죠 사랑에 빠지게 만들었던 미소로 날 떠나요 그 미소 하나로 언제라도 그대를 찾아낼 수 있게 처음 그대에게 느낀 그 떨림 내게 해준 그대 그 한마디 우리사랑 안될거라 생각했죠 너무나도 아름다웠기에 돌아서려 했었던 내 앞의 그대는 꿈만같은 사랑으로 다가 왔었죠 우- 이세상 아니라도 언젠가 우리 다시 만날텐데 눈물 한방울도 보여선 안되겠죠 사랑에 빠지게 만들었던 미소로 날 떠나요 그 미소 하나로 언제라도 그대를 찾아낼 수 있게 언젠가 우리 다시 만나면 약속 하나만 해요 이렇게 아프게 너무 쉽게 헤어질 사랑하진 마요 -,발라드,2000
59,So Hot,원더걸스,왜 자꾸 쳐다보니 왜 내가 그렇게 예쁘니 아무리 그렇다고 그렇게 쳐다보면 내가 좀 쑥스럽잖니 내가 지나갈 때 마다 고갤 돌리는 남자들 뒤에서 느껴지는 뜨거운 시선들 어떻게 하면 좋을지 난 너무 예뻐요 난 너무 매력있어 난 너무 멋져 언제나 나를 향한 눈길들이 항상 따라오는 이 남자들이 익숙해 질 때도 된 것 같은데 왜 아직 부담 스러운지 조용히 살고 싶은데 다른 여자애들처럼 엄마는 왜 날 이렇게 낳아놔서 내 삶을 피곤하게 하는지 난 너무 예뻐요 난 너무 매력있어 난 너무 멋져 난 너무 예뻐요 난 너무 매력있어 난 너무 멋져 언제나 어디서나 날 따라 다니는 이 스포트 라이트 어딜가나 쫓아오지 식당 길거리 카페 나이트 도대체 얼마나 나일 들어야 이 놈의 인기는 사그러들지 원 섹시한 내눈은 고소영 아름다운 내 다린 좀 하지원 어쩌면 좋아 모두 나를 좋아 하는 것 같애 난 너무 예뻐요 난 너무 매력있어 난 너무 멋져,댄스,2000
60,거짓말,god,미안해 난 니가 싫어졌어 우리 이만 헤어져 다른 여자가 생겼어 너보다 훨씬 좋은 실망하지는 마 나 원래 이런 놈이니까 제발 더 이상 귀찮게 하지마 그래 이래야 했어 이래야만 했어 거짓말을 했어 내가 내가 결국 너를 울리고 말았어 하지만 내가 이래야만 나를 향한 너의 마음을 모두 정리할 수 있을 거라고 생각한 내 맘을 내 결정을 어쩔 수 없음을 이렇게 하지 않으면 니가 날 떠나지 않을 것임을 알기에 너무나도 잘 알기에 어쩔 수 없어 널 속일게 미안해 널 울릴게 잘 가 가지마 행복해 떠나지마 나를 잊어줘 잊고 살아가줘 나를 잊지마 나는 그래 나는 괜찮아 아프잖아 내 걱정은 하지 말고 떠나가 제발 가지마 왜 자꾸 날 따라와 싫다고 했잖아 다른 여자가 생겼다고 몇 번 말했잖아 너 자꾸 이러면 나 이제 정말 화낼거야 제발 너도 다른 사랑 찾아 왜 자꾸 이러니 왜 자꾸 날 힘들게 하니 니가 자꾸 이러면 내가 널 떠나 보내기가 힘들잖니 내가 어디가 좋니 이렇게 매일 고생만 시키잖니 그리고 너 정도면 훨씬 좋은 남자 얼마든지 사귈 수 있잖니 싫어 싫어 정신 차려 바보야 정신 차려 제발 다시 한번 말하지만 나는 이제 니가 정말 싫어 그러니 제발 돌아가 제발 저리가 난 니가 싫어 니가 정말 싫어 잘 가 가지마 행복해 떠나지마 나를 잊어줘 잊고 살아가줘 나를 잊지마 나는 그래 나는 괜찮아 아프잖아 내 걱정은 하지 말고 떠나가 제발 가지마 잘 가 가지마 행복해 떠나지마 나를 잊어줘 잊고 살아가줘 나를 잊지마 나는 그래 나는 괜찮아 아프잖아 내 걱정은 하지 말고 떠나가 제발 제발 가지마 잘가 행복해 나를 잊어줘 잊고 살아가줘 나를 잊으면 안돼 나는 그래 나는 괜찮아 아프잖아 내 걱정은 하지 말고 떠나가,발라드,2000
61,Tell me (Sampling From 'Two Of Hearts'),원더걸스,너도 날 좋아할 줄은 몰랐어 어쩌면 좋아 너무나 좋아 꿈만 같아서 나 내 자신을 자꾸 꼬집어봐 너무나 좋아 네가 날 혹시 안 좋아할까봐 혼자 얼마나 애태운지 몰라 그런데 니가 날 사랑한다니 어머나 다시 한 번 말해봐 나를 사랑한다고 날 기다려왔다고 내가 필요하다 말해 말해줘요 자꾸만 듣고 싶어 계속 내게 말해줘 꿈이 아니라고 말해 말해줘요 어쩜 내 가슴이 이렇게 뛰니 가슴이 정말 터질 것 같아 네가 날 볼 때면 전기에 감전된 사람처럼 전기가 올라 얼마나 오래 기다린지 몰라 얼마나 오래 꿈꿨는지 몰라 그런데 네가 날 사랑한다니 어머나 다시 한 번 말해봐 나를 사랑한다고 날 기다려왔다고 내가 필요하다 말해 말해줘요 자꾸만 듣고 싶어 계속 내게 말해줘 꿈이 아니라고 말해 말해줘요 얼마나 오래 기다린지 몰라 얼마나 오래 꿈꿨는지 몰라 그런데 네가 날 사랑한다니 어머나 다시 한 번 말해봐 나를 사랑한다고 날 기다려왔다고 내가 필요하다 말해 말해줘요 자꾸만 듣고 싶어 계속 내게 말해줘 꿈이 아니라고 말해 말해줘요,댄스,2000
62,아시나요,조성모,아시나요 얼마나 사랑했는지 그댈 보면 자꾸 눈물이 나서 차마 그대 바라보지 못하고 외면해야 했던 나였음을 아시나요 얼마나 기다렸는지 그대 오가는 그 길목에 숨어 저만치가는 뒷모습이라도 마음껏 보려고 한참을 서성인 나였음을 왜 그런 얘기 못했냐고 물으신다면 가슴이 아파 아무 대답도 못하잖아요 그저 아무것도 그댄 모른채 지금처럼만 기억하면되요 우릴 그리고 나 아시나요 얼마나 힘겨웠는지 하고 싶은 말이 너무 많아서 듣지 못하는 병이라도 들면 그땐 말해 볼 수 있을까요 모르셨죠 이렇게 아픈 내 마음 끝내 모르셔도 난 괜찮아요 그댈 향한 그리움의 힘으로 살아왔던거죠 그대가 없으면 나도 없죠 몇 번을 다시 태어나고 다시 떠나도 그댈 만났던 이세상 만한 곳은 없겠죠 여기 이세상이 아름다운 건 그대가 머문 흔적들 때문에 아마 슬픈 오늘이 같은 하늘 아래 그대와 내가 함께 서있는 마지막 날인걸 그댄 아시나요,발라드,2000
63,우린 제법 잘 어울려요,성시경,우린 제법 잘 어울려요 저기 그대가 보이네요 오늘도 같은 시간이죠 언제나 조금 젖은 머리로 날 스쳐가죠 살짝 미소지은 건가요 혹시 날 알아 챈 건가요 아침을 닮은 그대 향기가 날 사로잡죠 난 궁금한 게 많죠 그대 이름 그대의 목소리 온 종일 상상해요 그대 곁에 날 정말 서두르진 않을 거예요 한 걸음 한 걸음씩 그대가 나를 느끼게 사랑을 시작할까요 내일 아침 어쩌면 말할지도 모르죠 우리 한 번 만나 볼래요 물기 어린 나무 사이로 햇살이 부서지는 거리 투명한 그대 얼굴이 왠지 좋아 보여요 기분 좋은 일이 있나요 가벼워 보이는 발걸음 살며시 부는 바람을 타고 난 다가가죠 참 망설였었지만 오늘은 꼭 얘기할래요 눈이 참 예쁘다고 좋아한다고 조금 서투르고 어색하지만 천천히 알아가요 그렇게 시작해봐요 거 봐요 웃을 거면서 내 마음을 알면서 잘 해낼 수 있겠죠 우린 제법 잘 어울려요 정말 서두르진 않을 거예요 한 걸음 한 걸음씩 그대가 나를 느끼게 사랑을 시작할까요 그대 곁엔 언제나 내가 있어줄게요 변치 않을 거예요 우린 제법 잘 어울려요,발라드,2000
64,거짓말,BIGBANG,거짓말 늦은 밤 비가 내려와 널 데려와 젖은 기억 끝에 뒤척여 나 너 없이 잘 살 수 있다고 다짐 해봐도 어쩔 수 없다고 못하는 술도 마시고 속타는 맘 밤새 채워봐도 싫어 너 없는 하루는 길어 빌어 제발 잊게 해달라고 너 없는 내겐 웃음이 보이지 않아 눈물조차 고이지 않아 더는 살고 싶지 않아 엿같애 열받게 니 생각에 돌아버릴것 같애 보고 싶은데 볼 수가 없대 모두 끝났대 다 거짓말 이야 몰랐어 이제야 알았어 네가 필요해 날카로운 말 홧김에 나도 모르게 널 떠나보냈지만 다 거짓말 나를 떠나 천천히 잊어줄래 내가 아파할 수 있게 그댈 위해서 불러왔던 내 모든 걸 다 바친 노래 사람들은 모르겠죠 난 혼자 그 아무도 아무도 몰래 그래 내가 했던 말은 거짓말 홀로 남겨진 외톨이 그 속에 헤매는 내 꼴이 주머니 속에 꼬깃꼬깃 접어둔 이별을 향한 쪽지 넌 어딨나요 널 부르는 습관도 난 달라질래 이젠 다 웃어넘길게 다 거짓말 이야 몰랐어 이제야 알았어 네가 필요해 날카로운 말 홧김에 나도 모르게 널 떠나보냈지만 다 거짓말 나를 떠나 천천히 잊어줄래 내가 아파할 수 있게 모든게 꿈이길 이것밖에 안되는 나라서 아직도 너를 못 잊어 아니 평생을 가도 죽어서까지도 내가 준 상처 아물었는지 미안해 아무것도 해준게 없는 나라서 다 거짓말 이야 몰랐어 이제야 알았어 네가 필요해 날카로운 말 홧김에 나도 모르게 널 떠나보냈지만 다 거짓말 나를 떠나 천천히 잊어줄래 내가 아파할 수 있게,"댄스, 랩/힙합",2000
65,Never Ending Story,부활,손 닿을 수 없는 저기 어딘가 오늘도 난 숨쉬고 있지만 너와 머물던 작은 의자 위에 같은 모습의 바람이 지나네... 너는 떠나며 마치 날 떠나가듯이 멀리 손을 흔들며 언젠가 추억에 남겨져 갈 꺼라고 그리워하면 언젠가 만나게 되는 어느 영화와 같은 일들이 이뤄져 가기를... 힘겨워 한 날의 너를 지킬 수 없었던 아름다운 시절속에 머문 그대 이기에 너는 떠나며 마치 날 떠나가듯이 멀리 손을 흔들며 언젠가 추억에 남겨져 갈 꺼라고 그리워하면 언젠가 만나게 되는 어느 영화와 같은 일들이 이뤄져 가기를... 힘겨워 한 날의 너를 지킬 수 없었던 아름다운 시절속에 머문 그대여 그리워하면 언젠가 만나게 되는 어느 영화와 같은 일들이 이뤄져 가기를... 힘겨워 한 날의 너를 지킬수 없었던 아름다운 시절속에 머문 그대여 그리워하면 언젠가 만나게 되는 어느 영화와 같은 일들이 이뤄져 가기를... 힘겨워 한 날의 너를 지킬 수 없었던 아름다운 시절속에 머문 그대이기에...,록/메탈,2000
66,With Me,휘성 (Realslow),니 손짓하나 보는 게 난 좋은데 니 목소리를 듣는 것도 좋은데 왜 넌 내 마음은 묻지도 않고 나 니 맘대로 떠나라는지 날 미워해도 사랑할 수 있는데 난 너만 보면 행복할 수 있는데 그런 내 맘까지 아프라는 건지 왜 가기 싫은 날 떠미는지 사랑일거라고 믿고있어 믿고있어 니 맘이 아닌걸 알고 있어 아닌걸 더 많이 사랑할 나 사람 찾아가란 말 아픈 니 맘도 다 알 수 있어 알 수 있어 더 힘들어도 참을 수도 있는데 날 사랑하는 니 마음 보여주면 아직 너를 위해 해두고 싶은 일들이 너무 많이 있는데 사랑일거라고 믿고있어 니 맘이 아닌걸 맘이 아닌걸 알고 있어 난 알고 있는데 더 많이 사랑할 사람 찾아가란 말 아픈 니 맘도 다 알 수 있어 알수 있어 지금 어찌 할 수가 없는 너의 아픔을 니 곁을 지켜주란 하늘의 뜻 그게 내 믿음 내 가슴속 깊은 곳 새겨진 너의 이름 널 가까이서 지켜볼 수 있다는 게 오직 기쁨 나 없이는 하루도 살수 없다는 걸 알어 이제 떠나란 말 그런 말하지 말어 그런 마음 이 세상 그 누구보다 난 잘 알어 사랑이라고만 꼭 믿어줘 꼭 믿어줘 너를 가둬두는 내마음도 너만을 사랑할 자신 아직까지 난 너의 사랑만큼 남았다고 사랑일거라고 믿고있어 니 맘이 아닌걸 알고 있어 더 많이 사랑할 사람 찾아가란 말 아픈 니 맘도 다 알 수 있어,R&B/Soul,2000
67,미안해요,김건모,그대는 나만의 여인이여 보고 또 보고 싶은 나만의 사랑 그대는 나만의 등불이여 어둡고 험한 세상 밝게 비춰주네요 그대여 지금껏 그 흔한 옷한벌 못해주고 어느새 거칠은 손한번 잡아주지 못했던 무심한 나를 용서할수 있나요 미안해요 이 못난 날 만나 얼마나 맘 고생 많았는지 그 고왔던 얼굴이 많이도 변했어요 내맘이 아파요 그대는 나만의 여인이여 아직도 못다한 말 그댈 사랑해요 그대의 생일날 따뜻한 밥 한번 못 사주고 그대가 좋아한 장미꽃 한송이조차 건네지 못했던 나를 용서할수 있나요 미안해요 사는게 힘들어 모든걸 버리고 싶었지만 그대의 뜨거운 눈물이 맘에 걸려 지금껏 살아요 그대는 나만의 여인이여 아직도 못다한 말 그댈 사랑해요,발라드,2000
68,제자리 걸음,김종국,죽도록 힘겨워도 몸서리치게 외로워도 너를 그리워하지 않는 게 더 쓸쓸한 일인데 늘 네 생각 하나에 살고 하룰 다 써도 모자라서 다음 날도 그 다음 날에도 더해가는 그리움에 또 하루가 흘러 또 한 달이 흘러 일년이라는 시간이 흘러 자꾸만 느는 거짓말 같은 날이 날 반기지만 천 걸음을 가도 만 걸음을 걸어도 난 언제나 제자리 걸음 떠나고 싶어도 못 떠나 네가 와줄까 봐 네 소리에 심장이 멎고 너의 미소에 몸이 굳어 사랑한다 너를 사랑한다 입술조차 떼기 전에 또 하루가 흘러 또 한 달이 흘러 일년이라는 시간이 흘러 자꾸만 느는 거짓말 같은 말이 날 반기지만 천 걸음을 가도 만 걸음을 걸어도 난 언제나 제자리 걸음 떠나고 싶어도 못 떠나 네가 와줄까 봐 왜 항상 사랑은 받는 너에게 관대한 거니 이렇게 널 잊지 못한 네 앞에서 눈물 나게 하면서 잊는 것보다 아픈 게 나은 거라 난 믿으니까 안 돌아와도 돼 날 사랑 안 해도 돼 넌 내 안에 제자리 걸음 보내고 싶어도 못 보내 널 사랑하니까,발라드,2000
69,열정,SE7EN,뜨거운 가슴에 너를 안을래 내가 죽는 날까지 너만 사랑할래 다른 사람은 절대 안돼 너야만해 내 모든걸 다 바쳤지 원하는건 다 사줬지 아낌없이 주고만 싶었어 하지만 너는 모르지 너에게 나는 오로지 친구 이상은 아니라고 다른 사람을 만나려 하네 다른 사랑을 찾으려 하네 나에겐 오직 너 하나밖에 없는걸 알잖아 내 맘을 받아줘 뜨거운 가슴에 너를 안을래 내가 죽는 날까지 너만 사랑할래 다른 사람은 절대 안돼 너야만해 너의 다른 그 시선이 니가 잡은 그의 손이 너무나도 어울리지않아 생각해봐 내 가슴이 얼마나 찢어지는지 난 그저 울고만 싶었어 마음을 열어 더 늦기전에 나를 남자로 봐주길 원해 행복한 미래가 눈에 선해 제발 날 받아줘 내맘 좀 알아줘 뜨거운 가슴에 너를 안을래 내가 죽는 날까지 너만 사랑할래 다른 사람은 절대 안돼 너야만해 왜 너는 내 맘 모르니 몰라도 너무 모르지 왜 자꾸 나를 피하니 뜨거운 가슴에 (나의 가슴에) 너를 안을래 (너를 안을래) 너만 사랑할래 너만 생각해 (널 생각해) 다른 사람은 절대 안돼 너야만해 -,R&B/Soul,2000
70,사랑해도 헤어질 수 있다면...,신승훈,참 많이 겪어 봤는데.. 이젠 알것도 같은데.. 늘 조금 이른 이별은 한번도 어김이 없어 날 바라보던 그 눈이 사랑을 말한 입술이.. 헤어짐을 얘기하는게 믿어지지가 않아 난 한동안 기억속에 널 지울 순 없겠지.. 잘해준 기억보다 미안한 마음이 남아 누구라도 사랑할 순 있지만 그 사람이 네가 될 순 없잖아 눈물로 남은 날을 다 써도 널 지우기엔 모자란데 사랑해도 헤어질 수 있다면 헤어져도 사랑할 수 있잖아.. 네 곁에 내가 없는 오늘도 너는 내 안에 남아 가끔 눈물이 흘러.. 넌 언젠가 내 이름조차 낯설어 지겠지.. 지나간 사랑이라 웃으며 말을 하겠지 누구라도 사랑할 순 있지만 그 사람이 네가 될 순 없잖아 눈물로 남은 날을 다 써도 널 지우기엔 모자란데 사랑해도 헤어질 수 있다면 헤어져도 사랑할 수 있잖아.. 네 곁에 내가 없는 오늘도 너는 내 안에 남아 가끔 눈물이 흘러..,발라드,2000
71,사랑앓이,FTISLAND (FT아일랜드),그리울 때 눈 감으면 더 잘 보이는 그런 사람 잊으려 하고 지우려 하면 더 많이 생각나는 사람 그 사람 꼭 올 거라고 내 가슴에 해로운 거짓말을 하고 꼭 올 거라는 말은 안 했지만 기다릴 수 밖에 없는 사람 너무나 많이 사랑한 죄 널 너무나 많이 사랑한 죄 난 너로 인해 그 죄로 인해 기다림을 앓고 있다고 내가 더 많이 사랑한 죄 널 너무나 많이 그리워한 죄 난 너로 인해 그 죄로 인해 눈물로 앓고 있다고 이렇게 그 사람 꼭 올 거라고 내 가슴에 해로운 거짓말을 하고 꼭 올 거라는 말은 안 했지만 기다릴 수 밖에 없는 사람 너무나 많이 사랑한 죄 널 너무나 많이 사랑한 죄 난 너로 인해 그 죄로 인해 기다림을 앓고 있다고 내가 더 많이 사랑한 죄 널 너무나 많이 그리워한 죄 난 너로 인해 그 죄로 인해 눈물로 앓고 있다고 헤어짐은 늘 빠른 사람 잊혀짐은 늘 더딘 사람 늘 나에게만 늘 모진 사람 나 혼자 앓고 있었다고 그대 나를 이렇게 멀리 떠나가야만 했니 그대 나를 이렇게 멀리 떠나가야만 했니 그저 내 목숨 다 바쳐 사랑할 사람 이제 날 잊고 살아갈 무정한 사람 그저 내 전부를 다 바쳐 사랑할 사람 이제 날 잊고 살아갈 너 내 목숨 다 바쳐서 사랑할 사람 내게는 눈물만 주고 간 사람 늘 나에게만 늘 모진 사람 나 혼자 앓고 있었다고 내가 더 많이 사랑한 죄 널 너무나 많이 그리워한 죄 난 너로 인해 그 죄로 인해 눈물로 앓고 있다고 이렇게,록/메탈,2000
72,사랑..그게 뭔데,양파,무슨 뜻인 건가요 지금 한 그 말 잊으라는 지우라는 차가운 한 마디 믿어지지 않아요 거짓말 같아 왜 우리가 왜 우리가 헤어져야 해 제발 말해줘요 잘못 들은 거라고 이러다 내 가슴이 터지기 전에 대체 네가 뭔데 날 울려 날 울려 어떻게 네가 날 떠나가 이렇게 버릴걸 왜 나를 가졌니 사랑 그게 뭔데 이토록 가슴에 힘겨운 상처만 남겨놔 너 아닌 누구도 이제 다신 품을 수 없게 나를 알잖아요 여린 사람이란 걸 왜 기어코 자꾸 날 독해지게 해 대체 네가 뭔데 날 울려 날 울려 어떻게 네가 날 떠나가 이렇게 버릴걸 왜 나를 가졌니 사랑 그게 뭔데 이토록 가슴에 힘겨운 상처만 남겨놔 너 아닌 누구도 이제 다신 품을 수 없게 도대체 어쩌라고 날 더러 날 더러 왜 나를 미치게 만들어 네까짓 게 뭔데 날 아프게 해 그런 너를 위해 지금껏 모든 걸 다 줬던 내가 난 더 미워 그런 널 아직도 사랑하는 내가 더 미워 사랑해 사랑해 사랑해 사랑해 아직도 너를 사랑해 사랑해 사랑해 영원히 돌아와 돌아와 나의 곁으로 제발,발라드,2000
73,정말 사랑했을까,브라운 아이드 소울,좋았나봐 널 많이 아꼈나봐 다시 못견디게 아픈걸 보니 가슴에서 자꾸만 열이 나고 널 떠올릴때마다 그리움이 흘러 숨겨봐도 그게 잘 안되나봐 이별 앓고있는 날 다 아는걸 씩씩한척 강한척 하는 내가 웃는 눈빛마저도 우는것 같아 보인대 우리 정말 사랑하긴 했을까 느낄 수가 없잖아 작고 좁은 나의 세상속에 살던 넌 행복하긴 했을까 우리 닮은 지난 추억이 초라한 내 앞이라 더 눈부셔 너 있는 곳 너무 멀어 다가갈 수 없어 헤어져도 보내지 못하나봐 니가 돌아와줄 것만 같아서 시간가면 잊을수 있을꺼란 굳은 다짐해봐도 매일 널 찾아 헤매는데 우리 정말 사랑하긴 했을까 믿을 수가 없잖아 좋은 사람으로 니 가슴에 내 모습 남긴 했을까 니가 곁에 없는 나보다 내가 없는 니가 더 두려워 나를 지우고 쉽게 또 사랑 할까봐 지키지 못할 약속들 그땐 왜 그렇게 많이 했는지 아직도 너를 위해 난 주고 싶은게 많은데 우리 정말 사랑하긴 했을까 느낄 수가 없잖아 작고 좁은 나의 세상속에 살던 넌 행복하긴 했을까 니가 곁에 없는 나보다 내가 없는 니가 더 두려워 니 사랑이 마지막이 될까봐,"발라드, R&B/Soul",2000
74,Break Away,빅마마,이젠 날 떠나가줘 이젠 날 다 잊어줘 나를 버리고 살아가줘 가져간 내 사랑을 내게 돌려줘 차라리 떠났다면 차라리 죽었다면 어쩔 수 없이 참을 텐데 이대론 견디기가 너무 힘들어 단 한번 나를 봐주기를 말을 해주기를 예전처럼 단 한번만 그렇게 너를 기다리고 너를 사랑해 왔는데 내가 널 보내줄께 편하게 이제 나 너 없이도 살 수 있게 널 떠나 맘 편하게 널 떠나 행복하게 이제 내 안에 너를 버려 널 위해 힘들었던 지난 날은 지웠어 우연히 나를 보더라도 나를 지나쳐줘 너를 잊은 나를 위해 날 위해 혹시 너 말을 걸어와도 나는 모른체 할 테니 내가 널 보내줄게 편하게 이제 나 너 없이도 살 수 있게 갑자기 니가 또 생각나 널 떠난 거란걸 잊고서 내가 널 찾아도 넌 모르는 척 누굴 찾아왔냐고 또 다시 날 돌아서줘 다신 널 바라보고 살순 없어 이젠 날 다 버리고 떠나줘 처음부터 넌 없었던 사람처럼,R&B/Soul,2000
75,총맞은것처럼,백지영,총 맞은 것처럼 정신이 너무 없어 웃음만 나와서 그냥 웃었어 그냥 웃었어 그냥 허탈하게 웃으며 하나만 묻자 했어 우리 왜 헤어져 어떻게 헤어져 어떻게 헤어져 어떻게 구멍난 가슴에 우리 추억이 흘러 넘쳐 잡아보려 해도 가슴을 막아도 손가락 사이로 빠져나가 심장이 멈춰도 이렇게 아플 것 같진 않아 어떻게 좀 해줘 날 좀 치료해줘 이러다 내 가슴 다 망가져 구멍난 가슴이 어느새 눈물이 나도 모르게 흘러 이러기 싫은데 정말 싫은데 정말 싫은데 정말 일어서는 널 따라 무작정 쫓아 갔어 도망치듯 걷는 너의 뒤에서 너의 뒤에서 소리쳤어 구멍난 가슴에 우리 추억이 흘러 넘쳐 잡아보려 해도 가슴을 막아도 손가락 사이로 빠져나가 심장이 멈춰도 이렇게 아플 것 같진 않아 어떻게 좀 해줘 날 좀 치료해줘 이러다 내 가슴 다 망가져 총 맞은 것처럼 정말 가슴이 너무 아파 이렇게 아픈데 이렇게 아픈데 살 수가 있다는 게 이상해 어떻게 너를 잊어 내가 그런 건 나는 몰라 몰라 가슴이 뻥뚫려 채울 수 없어서 죽을 만큼 아프기만 해 총 맞은 것처럼,발라드,2000
76,죄와벌,SG 워너비,떠날까봐 널 가뒀으니 내게만 보여줬던 네 모습은 혼자 숨겨두고 싶었어 달콤한 독이 되어 퍼져버린 너에 대한 내 미련들이 가녀린 내 사랑을 헤쳐갔어 내게서 널 뺏어간거야 이젠 보낼게 널 놓아줄게 내가 없는게 더 행복한 너라면 못난 내 사랑도 못된 미련도 난 혼자 남아 지워갈게 차츰 넌 향기없는 꽃이 되어 원망하듯 시들어갔어 미안해 내 사랑이 서툴러서 너를 다치게 했었나봐 이젠 보낼게 널 놓아줄게 내가 없는 게 더 행복한 너라면 못난 내 사랑도 못된 미련도 난 혼자 남아 지워갈게 행복해도 돼 꼭 그래야 해 그것만 믿고 널 보내는 나니까 마지막 인사로 이 말만 해줘 아픈 가슴을 지녀 그리워져도 마지막 인사로 이 말만 해줘 조금은 사랑했었다고 이젠 보낼게 널 놓아줄게 내가 없는게 더 행복한 너라면 못난 내 사랑도 못된 미련도 난 혼자 남아 지워갈게 행복해도 돼 꼭 그래야 해 그것만 믿고 널 보내는 나니까 마지막 인사로 이 말만 해줘 조금은 사랑했었다고 나 혼자 남아 지워갈게 -,발라드,2000
77,I Don't Care,2NE1,니 옷깃에 묻은 립스틱들 나는 절대로 용서못해 매일 하루에 수십번 꺼져있는 핸드폰 그저 친구라는 수많은 여자친구 날 똑같이 생각하지 마 이제 니 맘대로 해 난 미련은 버릴래 가끔씩 술에 취해 전활 걸어 지금은 새벽 다섯시 반 넌 또 다른 여자애 이름을 불러 니가 어디에서 뭘 하던 이제 정말 상관 안할게 비켜줄래 이제와 울고불고 매달리지마 다른 여자들의 다리를 훔쳐보는 니가 너무너무 한심해 매일 빼놓는 커플링 나 몰래 한 소개팅 넌 절대 아니라는 수많은 나의 친구 난 너 땜에 친구들까지 다 잃었지만 차라리 홀가분해 너에게 난 과분해 오늘도 바쁘다고 말하는 너 혹시나 전화해봤지만 역시 뒤에선 여자 웃음소리가 들려 니가 어디에서 뭘 하던 이제 정말 상관 안할게 비켜줄래 이제와 울고불고 매달리지마 난 너 땜에 울며 지새던 더 후회할 날 생각하면 날 놓치긴 아깝고 갖기엔 시시하잖니 있을 때 잘하지 너 왜 이제와 매달리니 속아준 거짓말만 해도 수백번 이젠 눈물 한방울 없이 널 비웃어 무릎꿇고 잘못을 뉘우쳐 아님 눈 앞에서 당장 꺼져 니가 어디에서 뭘 하던 이제 정말 상관 안할게 비켜줄래 이제와 울고불고 매달리지마,댄스,2000
78,미인 (美人),이기찬,헤어질 때 늘 하던 짧은인사가 오늘따라 왜 이렇게 서글픈거니 눈물이 두 뺨 위로 흘러내릴때 그때서야 이별인 줄 알았어요 제발 가지 말라고 차갑게 떠나지 말라고 가슴 아프도록 외쳐보지만 너는 떠나간다고 나의 손을 놓는다고 나를두고 돌아서 버린 너 다시 사랑한다 해도 다른 누군갈 만나도 나는 너와 같은 사람 다신 만나진 못해 백 번 천 번을 말해도 울며 다짐을 해봐도 떠나가는 네 얼굴 보고싶은.. 내가 정말 싫어 모두 꿈일꺼라고 깨면 다 돌아올꺼라고 아픈 마음을 위로해보지만 점점 멀어져가는 너의 모습을 보면서 울고있는 내가 다 가여워 다시 사랑한다해도 다른 누군가를 만나도 나는 너와 같은 사람 다신 만나지 못해. 백번 천번을 말해도 울며 다짐을 해봐도 떠나가는 네 얼굴 보고싶은 내가 싫어. 정말 사랑했었다면 나를 사랑했었다면 가는 길에서라도 한번쯤은 돌아봐줘 이거 하나만 알고 가 이 말 하나만 듣고 가 나보다 더 좋은 사람 만나도 날 잊으면 안돼..,발라드,2000
79,내사람 : Partner For Life,SG 워너비,내 가슴 속에 사는 사람 내가 그토록 아끼는 사람 너무 소중해 마음껏 안아보지도 못했던 누구에게나 흔한 행복 한번도 준 적이 없어서 맘 놓고 웃어본 적도 없는 그댈 사랑합니다 내가 기쁠 때나 슬플 때나 함께 울고 웃어주던 그댈 위해 내가 할 수 있는건 뭐든 해주고 싶어 안녕 내사랑 그대여 이젠 내가 지켜줄게요 못난 날 믿고 참고 기다려줘서 고마워요 안녕 내사랑 그대여 영원토록 사랑할게요 다시 태어나서 사랑한대도 그대이고 싶어요 어두운 밤 길을 잃어도 서로 등불이 되어주고 비바람 몰아쳐도 지금 잡은 두손 놓지 말아요 내가 힘들 때나 아플 때나 내 곁에 있어준 그대 미안하단 말로 고맙단 말을 대신 하던 나였죠 안녕 내사랑 그대여 이젠 내가 지켜줄게요 못난 날 믿고 참고 기다려줘서 고마워요 안녕 내사랑 그대여 영원토록 사랑할게요 다시 태어나서 사랑한대도 그대이고 싶어요 넘어지고 몇 번을 다시 넘어진다 해도 그대만 있다면 다시 일어날 수 있는데 안녕 내사랑 그대여 이젠 내가 지켜줄게요 못난 날 믿고 참고 기다려줘서 고마워요 안녕 내사랑 그대여 이렇게 그댈 부를 때면 너무 행복해서 눈물이 나죠 사랑해요,R&B/Soul,2000
80,친구여 (Feat. 인순이),조pd (ZoPD),우리들의 얘기로만 긴긴밤이 지나도록 사랑들은 하고있나 많은것을 약속했나 포기하지 말아 친구여 세월이많이 변했구려 같이 늙어간단 말이 내게는 그저 먼 미래의 일일뿐이었는데 얼굴에 솜털의흔적도 없구려 어느 새 남자의 미래는 책임감과 무거운 중압감 하지만 햇살은 저 높은 곳에 각자의 이상을 위해 모두 바쁘네 자랑스런 나의 친구들아 나는 열심히 살아가고 있단다 하지만은 인간적일 뿐일 실수는 모두 겪어야지 너무 재수없는 직장 상사얘기 별 수 없이 아저씨 되는게 뭐가 대수 이 담에 소주 한 잔 할때까지 우리들의 얘기로만 긴긴밤이 지나도록 세월에 무감각 해져가네 현실의 삶과 이상속에 아련한 추억이 너무 그립네 친구들과 뛰놀던 그 동네 바쁘게 지내온 나날속에 지난날을 돌아보지 못했는데 어느 날 잠에서 깨어날 때 꿈에서 본 듯한 나의 옛동네 찾아가봤지 친구들과 같이 너무 큰 기쁨으로 가슴이 뛰었지 흐느끼고 생각에 생각이 꼬리를 물고 해지면은 소주병 나발을 불고 여기 추억과 바닷바람 그리고 너무나 사랑하는 사람들이 있네 인생에 뭐가 더 있나 돈 명예 미래 따위야 말로 영원할 순 없소 우리들의 얘기로만 긴긴밤이 지나도록 세월이 지나도 변치 말자고 약속했잖아 영원토록 변치 않는 그런 믿음 간직할래 세월이 지나서 다 변해도 변치 않는 것 하나 이젠 뭘 하더라도 그 시절 같을 순 없으리오 이젠 바쁘더라도 가끔 전화를 해보시오 이젠 뭘 하더라도 그때와 같을 순 없으리오 이젠 바쁘더라도 우리의 추억을 기억해줘 이젠 뭘 하더라도 그 시절 같을 순 없으리오 이젠 바쁘더라도 가끔 전화를 해보시오 이젠 뭘 하더라도 그때와 같을 순 없으리오 이젠 바쁘더라도 우리의 추억을 기억해줘 친구여,랩/힙합,2000
81,Nobody,원더걸스,난 다른 사람은 싫어 니가 아니면 싫어 난 싫은데 왜 날 밀어내려고 하니 자꾸 내 말은 듣지 않고 왜 이렇게 다른 남자에게 날 보내려 하니 어떻게 이러니 날 위해 그렇단 그 말 넌 부족하다는 그 말 이젠 그만해 넌 나를 알잖아 왜 원하지도 않는 걸 강요해 난 다른 사람은 싫어 니가 아니면 싫어 난 다른 사람은 싫어 니가 아니면 싫어 난 좋은데 난 행복한데 너만 있으면 돼 더 바랄게 없는데 누굴 만나서 행복하란 거야 난 널 떠나서 행복할 수 없어 날 위해 그렇단 그 말 넌 부족하다는 그 말 말이 안 되는 말이란 걸 왜 몰라 니가 없이 어떻게 행복해 난 다른 사람은 싫어 니가 아니면 싫어 난 다른 사람은 싫어 니가 아니면 싫어 나는 정말 니가 아니면 니가 아니면 싫단 말야 아 난 다른 사람은 싫어 니가 아니면 싫어 난 다른 사람은 싫어 니가 아니면 싫어 모든게 너무나 꿈만 같았던 그 때로 돌아가고 싶은데 왜 자꾸 나를 밀어내려 해,댄스,2000
82,이럴거면,아이비,이럴 거면 날 흔들어 놓지 말지 이럴 거면 잘해주지나 말지 이럴 거면 첨 스쳐가게 놔두지 너를 모르는 채 살게 하지. 떠날 거라면. 원망해도 후회해도 널 향한 나의 사랑은 이미 엎질러진 물 처럼 주워 담을 수 없어 나를 울리려고 이럴려고.. 날 사랑 했니. 너를 사랑하게 했니 멀쩡한 사람 왜 넌 바보 만들어 버릴 거면. 그럴 거였으면 왜 내 맘 모두 가져간 거야 조각나버려 이제 다신 쓸 수도 없게 내 머리는 내 입술은 매일 니 욕만 하는데 나의 가슴은 내 눈물은 자꾸 니 편만 들어 나를 울리려고 이럴려고 날 사랑 했니 너를 사랑하게 했니 잘살던 사람 왜 늘 울게 만들어 버릴 거면. 그럴 거였으면 왜 내 맘 모두 가져간 거야 누구에게도 이제 다신 줄 수도 없게 너를 알기 전 서로 몰랐던 때로 돌아가기엔 널 너무 사랑했나 봐 잊지 못할 거면 이럴 거면 널 붙잡을 걸 네게 떼라도 써볼걸 사랑한다고 너 없인 못산다고 울릴 거면 그립게 할 거면 차라리 너의 곁에서 울려 볼 수 있다면 혼자 사랑해도 되니까 나만 사랑해도 되니까,발라드,2000
83,사랑은...향기를 남기고,테이,사랑은... 향기를 남기고 가슴 아파서 목이 메어서 안간힘을 써봐도 피해 갈 수도 물러지지도 않는 이별 인가봐 너무 놀라서 자꾸 겁나서 웃음으로 이기려해도 눈치 빠른 눈물이 더 먼저 알고 날 흘러 난 소란스레 사랑했나봐 널 줬다 이내 뺏는 걸 보니 분 넘친 행복을 또 시기했나봐 널 보내야만 하나봐 온 세상이 취한 것 같아 눈부셨던 우리 추억이 열 오르듯 비틀대잖아 니 품에 살았던 날들과 꿈꾸었던 사랑이 다 부서져 또 흩어져 향기로 내가 못나서 잡지 못해서 돌아 가슴 쳐봐도 지워 지지도 덜어지지도 않는 사랑 인가봐 니가 미워서 누굴 만나서 다시 시작 해 보려해도 수많은 니 그리움이 날 체하게 만들어 넌 나보다 더 용감한가봐 날 사랑한 적 없던 것처럼 잘 살아가는데 날 지워 가는데 난 왜 널 못 잊는 거니 온 세상이 취한 것 같아 눈부셨던 우리 추억이 열 오르듯 비틀대잖아 니 품에 살았던 날들과 꿈꾸었던 사랑이 다 부서져 또 흩어져 향기로 이렇게 하루 이틀이 가고 눈에 멀어져 살다가 보면 언젠간 또 가슴에서도 무뎌지는 거라고 그렇게 말을 하기까지 얼마나 싸워야 난 할지 보이지 않는 나와 또 볼 수 없는 널 앞에 두고 그 언제쯤 자유로울까 니 이별도 못 한 게 있어 내 안에 널 데려가는 일 난 그래 괜찮아 오늘도 너 땜에 힘 겨워도 이 지독한 내 아픔도 우리가 사랑한 흔적인걸,발라드,2000
84,또 한번 사랑은 가고,이기찬,울고 있는 내 모습이 이 젠 항상 나만 이러는게 이젠 너무 지겨워서 너무 한심해서 웃으며 보내보려고 해봤어 연습했던 그 멋진 표정도 준비했던 이별의 말들도 헤어지잔 너의 한마디 말 앞에 모두 잊어버린채 또 난 눈물만 흘렸어 난 이렇게 바라보고 있고 넌 그렇게 멀어져만 가고 또 내 눈엔 눈물이 흐르고 또 한번 사랑은 가고 멀어지는 모습 보는 일이 흐르는 눈물 감추는 일이 너무 익숙해서 많이 겪어봐서 이제 난 웃는 법까지 배웠어 음 사랑하고도 널 보냈듯이 헤어지고도 널 간직할게 다만 한가지 내가 정말 두려운 거는 다시는 맘을 열지 못할까봐 오 난 이렇게 바라보고 있고 넌 그렇게 멀어져만 가고 또 내 눈엔 눈물이 흐르고 또 한번 사랑은 가고 오 난 이렇게 바라보고 있고 넌 그렇게 멀어져만 가고 또 내눈엔 눈물이 흐르고 또 한번 사랑은 가고 또 한번 사랑은 가고,발라드,2000
85,비몽,코요태,난 나나나 나나나 나나나나 난 나나나 난 나나 나나나나 난 나나나 난나나 나나나나 난 나나나 난 나나나 움직일수 없어 너의 모습앞에 너무도 달라진 표정 차가운 말투와 날 피하는 눈빛 예전에 네가 아니야 이유라도 대봐 내가 알 수 있게 왜 나를 떠나려는지 마음 약한 내가 쓰러져 울 것을 누구보다 알면서 단 한 번만 나의 모습을 되돌아봐 줘 멈춰버린 내 가슴은 또 어떻게 해 이대로 가지마 남겨진 기억 어떡하라고 흐르는 눈물도 버려진 슬픔도 왜 그냥 두고가 그런 말 하지마 행복하기를 바란다는말 평생을 울어도 상처로 남겨질 내 맘 알잖아 내게 다 주고 넌 아주 먼 곳에서 내게 다시 돌아와 떠나지마 마지막 한 번만 나를 쳐다봐 난 나나나 나나나 나나나나 난 나나나 난 나나 나나나나 난 나나나 난나나 나나나나 난 나나나 난 나나나 이건 꿈일 거야 분명 아닐거야 아무리 위로해봐도 자꾸 멀어지는 너의 뒷모습에 난 다시 눈물 뿐야 사랑했던 그 순간만은 진심이었길 누굴 향해 냉정하게 또 가는 거야 이대로 가지마 남겨진 기억 어떡하라고 흐르는 눈물도 버려진 슬픔도 왜 그냥 두고가 그런 말 하지마 행복하기를 바란다는말 평생을 울어도 상처로 남겨질 내 맘 알잖아 난 나나나 나나나 나나나나 난 나나나 난 나나 나나나나 난 나나나 난나나 나나나나 난 나나나 난 나나나,댄스,2000
86,아틀란티스 소녀 (Atlantis Princess),보아 (BoA),저 먼 바다 끝엔 뭐가 있을까 다른 무언가 세상과는 먼 얘기 구름위로 올라가면 보일까 천사와 나팔부는 아이들 숲속 어디엔가 귀를 대보면 오직 내게만 작게 들려오는 목소리 꿈을 꾸는 듯이 날아가볼까 저기 높은 곳 아무도 없는 세계 그렇게도 많던 질문과 풀리지 못한 나의 수많은 얘기가 돌아보고 서면 언제부턴가 나도 몰래 잊고 있던 나만의 비밀 이제 정말 왜 이래 나 이제 커버린 걸까 이제 정말 뭔가 잃어버린 기억 지금 내맘 이젠 나의 그 작은 소망과 꿈을 잃지 않기를 저 하늘속에 속삭일래 까만 밤하늘에 밝게 빛나던 별들 가운데 나 태어난 곳 있을까 나는 지구인과 다른 곳에서 내려 온 거라 믿고 싶기도 했어 그렇게도 많던 질문과 풀리지 못한 나의 수많은 얘기가 돌아보고 서면 언제 부턴가 나도 몰래 잊고 있던 나만의 비밀 이제 정말 왜 이래 나 이제 커버린 걸까 이제 정말 뭔가 잃어버린 기억 지금 내맘 이젠 나의 그 작은 소망과 꿈을 잃지 않기를 저 하늘속에 속삭일래 왜 이래 나 이제 커버린 걸까 이제 정말 뭔가 잃어버린 기억 지금 내맘 이젠 나의 그 작은 소망과 꿈을 잃지 않기를 저 하늘속에 속삭일래 너무나도 좋은 향기와 바람이 나에게로 다가와 어느샌가 나도 모르게 가만히 들려오는 작은 속삭임 귀를 기울이고 불러보세요 다시 찾게 될 거예요 잊혀진 기억 생각해봐 나 이제 더 이상 놓치진 않아 소중했던 나의 잃어버린 기억 지금 내맘 이젠 나의 그 작은 소망과 꿈을 잃지 않기를 저 하늘 속에 속삭일래 왜 이래 나 이제 커버린 걸까 이제 정말 뭔가 잃어버린 기억 지금 내맘 이젠 나의 그 작은 소망과 꿈을 잃지 않기를 저 하늘속에 기도할래,댄스,2000
87,세글자 (드라마 '루루공주' 김정은 메인 테마),엠투엠 (M To M),하루 단 하루라도 좋겠어 널 잊고 살수만 있다면 쉴새없는 눈물을 잠근채 나의 그리움을 거둔채 한 번 꼭 한번이면 될텐데 난 참 그 말이 어려웠어 너만 보면 자꾸 바보가 돼 그림자 뒤로 숨게만 돼 내게는 이 세상 제일 슬픈 세글자 차마 너를 향해 줄 수 없던 세글자 매일 내 가슴에 눈물로 썼다가 다시 한숨으로 지우는 말 나 혼자 말하고 나 혼자 듣는 말 끝내 너의 곁엔 닿지도 못할 외로운 말 사랑해 그 세글자가 늘 나를 아프게 해 이젠 제발 좀 그만하자고 다신 아파하지 말자고 시간으로 덮고 또 덮어도 널 가리지는 못하나봐 내게는 이 세상 제일 슬픈 세글자 차마 너를 향해 줄 수 없던 세글자 매일 내 가슴에 눈물로 썼다가 다시 한숨으로 지우는 말 나 혼자 말하고 나 혼자 듣는 말 끝내 너의 곁엔 닿지도 못할 외로운 말 사랑해 그 세글자가 늘 나를 아프게해 내 마음 하늘위에 쓸까 바람에게 말할까 그럼 니가 볼까 너의 곁에 전해질까 어쩌면 이 세상 제일 흔한 세글자 내겐 이렇게도 힘에 겨운 세글자 울음부터 나서 목이 메어와서 꺼내기도 전에 되담는말 천번도 만번도 더 삼킨 한 마디 아마 평생가도 못 다할 짧은 그 한마디 사랑해 그 세글자에 또 이렇게 눈물만 -,발라드,2000
88,LOVE ALL,gavy nj project group [H7美人(미인)],내 어깨를 떠밀어도 소리쳐봐도 소용없어 어떻게 널 잊어 너라면 잊겠니 어떤 사랑인데 내 욕심이 더 자라면 너를 다치게 할지몰라 날 보내준다던 바보같은 이별의 말 되풀이하던 너 날 웃게 한사람 날 지켜준 한사람 바보야 너란걸 모르니 내가 아파도 내가 기뻐도 내겐 한결같은 너였잖아 날 울게 한사람 날 사랑한 한사람 죽어도 잊지 못할 사람 다음 세상의 인연이 너라면 난 그곳에서 널 기다릴게 결국 끝내고 말것을 우린 미친듯 사랑했어 천번을 물어도 내 전분 너 하나뿐야 내게 고백하던 날 웃게 한사람 날 지켜준 한사람 바보야 너란걸 모르니 내가 아파도 내가 기뻐도 내겐 한결같은 너였잖아 날 울게 한사람 날 사랑한 한사람 죽어도 잊지 못할 사람 다음 세상의 인연이 너라면 난 그곳에서 널 기다릴게 울지말라고 잊고살라고 너만 내곁에 있으면 돼 다시 애원해도 너의 뒷모습만 점점 작아져가는데 행복해야돼 다른 사랑 만나서 모질게 날 떠나간만큼 울며 보채고 잡고 싶지만 어차피 버려질 나였잖아 날 울게 한사람 날 사랑한 한사람 죽어도 잊지 못할 사람 다음 세상의 인연이 너라면 난 그곳에서 널 기다릴게,발라드,2000
89,하기 힘든 말,이승기,우리 헤어지지만 다신 너를 볼 수 없지만 마지막으로 부탁 하나 할께 눈물 맺힌 너에게 나 할 수 있는 건 편하게 너를 보내주는 일 나와 닮은 너에게 나완 다른 그에게 조금은 어색하고 하기 힘든 말 사랑한 기억도 고마운 기억도 모두 잊길 바래 내 눈물까지 아파하지 말고 돌아보지 말고 이제 행복하게만 살아줘 오래 전에 알았어 나 아닌 사람이 니 맘을 모두 가져버린 걸 나와 닮은 너에게 나완 다른 그에게 아무리 애를 써도 하기 싫은 말 사랑한 기억도 고마운 기억도 모두 잊길 바래 내 눈물까지 아파하지 말고 돌아보지 말고 이제 행복하게만 살아줘 미안해 하진마 후회하진 마 나보다 그가 훨씬 더 잘해줄꺼야 그의 품에 안겨서 까맣게 나를 잊고서 늘 웃고 사는게 날 위한 이별이니까 괜찮아질꺼야 익숙해질꺼야 혼자하는 사랑 힘이 들어도 떠나가는 너를 돌아서는 너를 몰래 내 가슴속에 두면 돼,발라드,2000
90,Lollipop,BIGBANG,막대사탕보다 더 달콤한 내 마음은 터질듯한 내사랑 그댄 딱 내 스탈야 반짝반짝 스타야 색다른걸 원해 색깔은 날 느낀 순간 넌 빠져버린걸 알아 날 사로 잡은 건 너와 나만이 아는 우리 둘의 달콤하게 다가와 내게 속삭여줘 상큼하게 다가와 너를 원하잖아 날 설레게 하는 이미 네 시선을 가둬버린 나의 식상함들은 매일 날 지치게 해 색깔은 날 느낀 순간 넌 빠져버린걸 알아 날 사로 잡은 건 너와 나만이 아는 우리 둘의 달콤하게 다가와 내게 속삭여줘 상큼하게 다가와 너를 원하잖아 한 순간의 느낌이 아냐 지금 두 눈을 감아도 넌 내 앞에 서있는걸 내가 바라던 그게 너야 그냥 이대로 너와 나 저 불빛아래 달콤하게 다가와 내게 속삭여줘 상큼하게 다가와 너를 원하잖아,댄스,2000
91,소원을 말해봐 (Genie),소녀시대 (GIRLS' GENERATION),소원을 말해봐 네 마음속에 있는 작은 꿈을 말해봐 네 머리에 있는 이상형을 그려봐 그리고 나를 봐 드림카를 타고 달려봐 넌 내 옆자리에 앉아 그저 내 이끌림 속에 모두 던져 가슴 벅차 터져버려도 바람결에 날려버려도 지금 이 순간 세상은 너의 것 그래요 난 널 사랑해 언제나 믿어 꿈도 열정도 다 주고 싶어 난 그대 소원을 이뤄주고 싶은 행운의 여신 소원을 말해봐 소원을 말해봐 소원을 말해봐 내게만 말해봐 소원을 말해봐 지루한 날들이 넌 지겹지 않니 평범한 생활에 넌 묻혀버렸니 이제 그만 깨어나 네 몸을 맡겨봐 이제 이 세상은 오직 너의 무대 환호소리 같은 파도가 내 가슴엔 너의 체온이 그래요 난 널 사랑해 언제나 믿어 꿈도 열정도 다 주고 싶어 난 그대 소원을 이뤄주고 싶은 행운의 여신 소원을 말해봐 소원을 말해봐 소원을 말해봐 내게만 말해봐 소원을 말해봐 그래요 난 널 사랑해 언제나 믿어 꿈도 열정도 다 주고싶어 난 그대 소원을 이뤄주고 싶은 행운의 여신 소원을 말해봐 니가 가진 소원 숨김 없이 말해봐 소원을 말해봐 소원을 말해봐 소원을 말해봐 내게만 말해봐 소원을 말해봐 소원을 말해봐 소원을 말해봐,댄스,2000
92,Fly (Feat. Amin. J of Soulciety),에픽하이 (EPIK HIGH),힘들죠 힘들죠 오늘도 잔인한 세상은 너를 비웃고 거울앞에서도 기죽고 또 홀로 술잔을 비우고 단 한번의 실수로 모든것을 잃고 고개를 숙일땐 손을 모아 날개를 피고 눈을 뜨며 맞는 아침 똑같은 방향뿐인 삶의 나침반 만만한 세상에 쉽게 무릎꿇고 쉴새 없이 신세 타 타타타령만 나아 아아아 아련한 옛 꿈을 쫓던 가련한 두팔로 화려한 날개를 피고 저 하늘위에 새들보다 단 하나뿐인 그대와 나 뭐라고 말해도 널두고 떠나도 널 버려도 숨이 멎어도 눈을 뜨고 바라봐도 빛은 없고 꿈을 꾸며 살아가도 길은 멀고 내 뜻대로 가도 숨을 몰아 쉬었고 진실을 말해도 돌아섰죠 아직도 찾는것을 못 찾았고 아무도 너를 사랑하지 못한다고 저 하늘위에 새들보다 내 꿈을 포기못해 단 하나뿐인 그대와 나 내 꿈을 포기못해 뭐라고 말해도 널두고 떠나도 괜한 한숨에 지워지는 단 한번의 꿈 몇 만번의 시도위에 갈라서는 문 눈을 뜨며 살아감에 보여 희망의 연기가 모두 털어 날려버려 비관의 먼지 다 역시 나도 때론 괜한 겁이나 천천히 가 왜 꿈을 쉽게 버리나 때론 낮게 나는 새도 멀리봐 어두운 밤일수록 밝은 별은 더 빛나 세상이 세상이 뭐라고 말해도 사랑이 사랑이 널두고 떠나도,랩/힙합,2000
93,다시 사랑한다 말할까,김동률,마치 어제 만난 것처럼 잘있었냔 인사가 무색할 만큼 괜한 우려였는지 서먹한 내가 되려 어색했을까 어제 나의 전활 받고서 밤새 한숨도 못 자 엉망이라며 수줍게 웃는 얼굴 어쩌면 이렇게도 그대로일까 그땐 우리 너무 어렸었다며 지난 얘기들로 웃음짓다가 아직 혼자라는 너의 그 말에 불쑥 나도 몰래 가슴이 시려 다시 사랑한다 말할까 조금 멀리 돌아왔지만 기다려왔다고 널 기다리는게 나에게 제일 쉬운 일이라 시간이 가는 줄 몰랐다고 다시 사랑한다 말할까 여전히 난 부족하지만 받아주겠냐고 널 사랑하는게 내삶에 전부라 어쩔 수 없다고 말야 그땐 사랑인줄 몰랐었다며 가끔 내 소식을 들을때마다 항상 미안했단 너의 그 말에 불쑥 나도 몰래 눈물이 흘러 다시 사랑한다 말할까 언젠가는 내게 돌아올 운명이었다고 널 잊는다는 게 나에게 제일 힘든 일이라 생각 조차 할 수 없었다고 다시 사랑한다 말할까 좋은 친구처럼 편하게 받아주겠냐고 다시 태어나도 널 사랑하는게 내 삶에 이유란 말야 다시 사랑한다 말할까 조금 멀리 돌아왔지만 기다려왔다고 널 기다리는게 나에겐 제일 쉬운 일이라 시간이 가는 줄 몰랐다고 다시 사랑한다 말할까 여전히 난 부족하지만 받아주겠냐고 널 사랑하는게 내삶에 전부라,발라드,2000
94,사랑은 가슴이 시킨다,버즈,다가 온 너의 생일이 초라한 내게 부담이 되는 이 밤 날 찾는 너의 전화도 품 속에 숨긴 비겁한 내 맘 한 아름 선물 하고 싶어 하지만 주머니엔 먼지만 남아 새 하얀 편지 위에 적었어 축하해 널 사랑해.. 워- 못난 내 사랑아 고작 이것밖에 못 하겠니 예 내 눈물들이 내게 따지듯이 내겐 너를 사랑할 자격도 없다고 하잖아 말로만 하는 사랑도 이제는 그만 멈추고 싶은 이 맘 너의 집 앞에 찾아가서 날 제발 버리라고 거짓말 해도 사랑은 머리가 아니라 가슴이 한다고 하는 너 워- 못난 내 사랑아 고작 이것밖에 못 하겠니 예- 내 눈물들이 내게 따지듯이 내겐 너를 사랑할 자격도 없다해도 언젠간 꼭 맘에 드는 근사한 선물을 할께 조금만 참아줘 워- 내 눈물들이 내게 따지 듯이 내겐 너를 사랑할 자격도 없다해도 워- 고운 내 사랑아 나를 더 견뎌낼 수 있겠니 예- 날 믿어주면 이세상 속에서 너를 가장 행복한 여자로 만들께,록/메탈,2000
95,Love,브라운아이드걸스,야릇야릇한 널 향한 나의 맘 이런이런 날 어서 가져가줘 너를 향한 사랑 담아 넌 아직 잘 모를 거야 내 맘이 어떤지 알면서도 이렇게 날 혼자 둔거니 사랑이란 이름 아래 난 내 맘 대 로 지 이 너도 역시 날 좋아하고 있을 거라고 믿는다네 난 너를 그려 매 순간에 하루 종일 현실을 난 망각해 하지만 이럴 수 밖에 아른아른한 너의 목소리 나긋나긋이 난 대답하겠지 야릇야릇한 널 향한 나의 맘 이런이런 날 어서 가져가줘 아이 그러지 말고 얘기를 해봐 늦기 전에 말을 해봐 나 아닌 누군가로는 안되는 걸 알아 깐깐한 널 알잖아 나 밖엔 없잖아 내게 다가올 듯 말듯한 네 행동에 다른 사람들은 모르는 듯 해 언제나 니 시선의 그 끝은 바로 나나나 나였어 처음부터 느끼던 바였어 그대여 용기를 내 어서 아른아른한 너의 목소리 나긋나긋이 난 대답하겠지 야릇야릇한 널 향한 나의 맘 이런이런 날 어서 가져가줘 너와 함께라면 난 네 세계로 내가 들어가게 나에게로 그 누가 나를 차지해도 그렇지 않잖아 모든 게 차이나 내 웃음 뒤에 숨긴 눈물이 흘러 내려 버리기 전에 나의 손을 잡아줘 아른아른한 너의 목소리 나긋나긋이 난 대답하겠지 야릇야릇한 널 향한 나의 맘 이런이런 날 어서 가져가줘,댄스,2000
96,초련(初戀) (Techno Mix) (Feat. 윤진),클론,난 그냥 좋았어 니 앞에만 서면 요즘 내가 왜 이러는지 나도 몰라 니 생각만 하고 자꾸 보고싶고 틈만 나면 난 너를 만나고 싶어 이런 맘 첨이야 누군가를 내가 주체하지 못할 만큼 좋아하는게 너와 약속하면 기분이 들떠 난 몇번씩 거울 앞을 서성이곤 해 길가다 멋진 옷을 볼때면 항상 언제나 너에게 다 사주고 싶고 사소한 악세사리까지 모두다 예쁜걸 보면 항상 너를 먼저 떠올려 바다가 보이는 분위기가 좋은 멋진 카페를 우연히 알게되도 제일 먼저 니 생각을 하면서 나는 빨리 너와 둘이서 다시 또 와봐야지 너에게 내가 아는 모든걸 해주고 파 말론 설명할수가 없어 내 눈엔 오직 너만 보여 내 자신 조차도 주체할 수 없는 이런 감정이 사랑인가봐   오레오레오 난 지금 웃고 있어 오레오레오 너만을 생각하며 오레오레오 언제나 니곁에서 오레오레오 너와 함께 할꺼야 난 너무 아쉬워 널 바래다줄땐 일부러 한 정거장 앞에서 내리지 너와 걷고 싶어 좀더 있고 싶어 이 밤이 깊어가는게 아쉬워서 집에 돌아오면 니 생각을 하며 어느새 난 또 너에게 전화를 걸어 할말도 없는데 이 얘기 저 얘기 몇 시간씩 또 너와 애길 나누지 햇살이 창가에 머무는 아침엔 눈뜨면 제일 먼저 널 생각하고 오늘은 널 만나 또 무엇을 할까 콧노랠 부르면서 즐겁게 샤워를 해 재미있는 영화를 보는게 더 날까 아니면 교외로 나가는게 날까 아니야 즐겁게 쇼핑을 즐기며 니가 깜짝 놀라게 선물을 사줘야지 숨겨둔 비상금을 모두 털어서라도 말론 설명할수가 없어 내 눈엔 오직 너만 보여 내 자신 조차도 주체할 수 없는 이런 감정이 사랑인가봐 오레오레오 난 지금 웃고 있어 오레오레오 너만을 생각하며 오레오레오 언제나 니곁에서 오레오레오 너와 함께 할꺼야  ,댄스,2000
97,좋은사람,박효신,좋은사람 준비없이 비를 만난것처럼 아무말 못한채 너를 보낸뒤에 한동안 취한 새벽에 잠을 청하며 너를 그렇게 잊어보려했어 시간이가도 잊혀지지 않는 널 생각하면서 깨달은게있어 좋은사람 사랑했었다면 헤어져도 슬픈게 아니야 이별이 내게 준것은 곁에 있을때 보다 너를 더욱 사랑하는 맘 셀수없이 많은 날을 울면서 힘든가슴을 보이지 않았던 널 끝내 날 나쁜남자로 만들었던 널 어떻게든 미워하려했어 어떤말로도 미워할수없는 널 생각하면서 깨달은게있어 좋은사람 사랑했었다면 헤어져도 슬픈게 아니야 이별이 내게 준것은 조금 멀리떨어져 너를 헤아릴수 있는 맘 늦었겠지만 너의 맘 아프게했던 바보같은 날 용서해줘 단 한번만 허락해준다면 나를 믿고 돌아와준다면 언제나 말하곤했던 그런 사람이되어 너를 지켜주고싶은데 다시 돌아올순 없겠니,발라드,2000
98,먼곳에서,박효신,지금 너는 내일을 믿고 있는지 칠흙같은 밤들이 지나고 아무일도 없었던 것처럼 눈을뜨면 새롭게 시작되는 아침을 언젠간 이렇게 될 수 있길 바랬지 너의 슬픔이 모두 끝날 수 있게 잊어버려 그게 너를 위한 일이라면 함께 했던 우리의 약속들을 나는 지금 여기 있어 바로 너의 곁에 있어 그렇지만 너에겐 보이지 않는것일뿐 내가 너를 지켜줄게 더 이상 아프지 않게 이제 나를 잊어버릴 수 있게 언젠간 이렇게 될 수 있길 바랬지 너의 슬픔이 모두 끝날 수 있게 잊어버려 그게 너를 위한 일이라면 함께 했던 우리의 약속들을 나는 지금 여기 있어 바로 너의 곁에 있어 그렇지만 너에겐 보이지 않는것일뿐 내가 너를 지켜줄게 더 이상 아프지 않게 이제 나를 잊어버릴 수 있게 나는 지금 여기 있지 바로 너의 곁에 있지 그렇지만 너에겐 보이지 않는것일뿐 내가 너를 지켜줄게 더 이상 아프지 않게 이제 나를 잊어버릴 수 있게,발라드,2000
99,가시나무,조성모,내 속엔 내가 너무도 많아 당신의 쉴곳 없네 내 속엔 헛된 바램들로 당신의 편할곳 없네 내 속엔 내가 어쩔수 없는 어둠 당신의 쉴 자리를 뺏고 내 속엔 내가 이길수 없는 슬픔 무성한 가시나무 숲같네 바람만 불면 그 메마른 가지 서로 부대끼며 울어대고 쉴곳을 찾아 지쳐 날아온 어린 새들도 가시에 찔려 날아가고 바람만 불면 외롭고 또 괴로워 슬픈 노래를 부르던 날이 많았는데 내 속엔 내가 너무도 많아서 당신의 쉴곳 없네 바람만 불면 그 매마른 가지 서로 부대끼며 울어대고 쉴곳을 찾아 지쳐날아온 어린 새들도 가시에 찔려 날아가고 바람만 불면 외롭고 또 괴로워 슬픈 노래를 부르던 날이 많았는데 내 속엔 내가 너무도 많아서 당신의 쉴곳 없네,발라드,2000
100,벚꽃 엔딩,버스커 버스커,그대여 그대여 그대여 그대여 그대여 오늘은 우리 같이 걸어요 이 거리를 밤에 들려오는 자장노래 어떤가요 오예 몰랐던 그대와 단 둘이 손 잡고 알 수 없는 이 떨림과 둘이 걸어요 봄바람 휘날리며 흩날리는 벚꽃 잎이 울려 퍼질 이 거리를 우우 둘이 걸어요 봄바람 휘날리며 흩날리는 벚꽃 잎이 울려 퍼질 이 거리를 우우 둘이 걸어요 오예 그대여 우리 이제 손 잡아요 이 거리에 마침 들려오는 사랑 노래 어떤가요 오예 사랑하는 그대와 단 둘이 손잡고 알 수 없는 이 거리를 둘이 걸어요 봄바람 휘날리며 흩날리는 벚꽃 잎이 울려 퍼질 이 거리를 우우 둘이 걸어요 봄바람 휘날리며 흩날리는 벚꽃 잎이 울려 퍼질 이 거리를 우우 둘이 걸어요 바람 불면 울렁이는 기분 탓에 나도 모르게 바람 불면 저편에서 그대여 니 모습이 자꾸 겹쳐 오 또 울렁이는 기분 탓에 나도 모르게 바람 불면 저편에서 그대여 니 모습이 자꾸 겹쳐 사랑하는 연인들이 많군요 알 수 없는 친구들이 많아요 흩날리는 벚꽃 잎이 많군요 좋아요 봄바람 휘날리며 흩날리는 벚꽃 잎이 울려 퍼질 이 거리를 우우 둘이 걸어요 봄바람 휘날리며 흩날리는 벚꽃 잎이 울려 퍼질 이 거리를 우우 둘이 걸어요 그대여 그대여 그대여 그대여 그대여,록/메탈,2010
101,밤편지,아이유,이 밤 그날의 반딧불을 당신의 창 가까이 보낼게요 음 사랑한다는 말이에요 나 우리의 첫 입맞춤을 떠올려 그럼 언제든 눈을 감고 음 가장 먼 곳으로 가요 난 파도가 머물던 모래 위에 적힌 글씨처럼 그대가 멀리 사라져 버릴 것 같아 늘 그리워 그리워 여기 내 마음속에 모든 말을 다 꺼내어 줄 순 없지만 사랑한다는 말이에요 어떻게 나에게 그대란 행운이 온 걸까 지금 우리 함께 있다면 아 얼마나 좋을까요 난 파도가 머물던 모래 위에 적힌 글씨처럼 그대가 멀리 사라져 버릴 것 같아 또 그리워 더 그리워 나의 일기장 안에 모든 말을 다 꺼내어 줄 순 없지만 사랑한다는 말 이 밤 그날의 반딧불을 당신의 창 가까이 띄울게요 음 좋은 꿈 이길 바라요,발라드,2010
102,야생화,박효신,하얗게 피어난 얼음 꽃 하나가 달가운 바람에 얼굴을 내밀어 아무 말 못했던 이름도 몰랐던 지나간 날들에 눈물이 흘러 차가운 바람에 숨어 있다 한줄기 햇살에 몸 녹이다 그렇게 너는 또 한번 내게 온다 좋았던 기억만 그리운 마음만 니가 떠나간 그 길 위에 이렇게 남아 서있다 잊혀질 만큼만 괜찮을 만큼만 눈물 머금고 기다린 떨림 끝에 다시 나를 피우리라 사랑은 피고 또 지는 타버리는 불꽃 빗물에 젖을까 두 눈을 감는다 어리고 작았던 나의 맘에 눈부시게 빛나던 추억 속에 그렇게 너를 또 한번 불러본다 좋았던 기억만 그리운 마음만 니가 떠나간 그 길 위에 이렇게 남아 서있다 잊혀질 만큼만 괜찮을 만큼만 눈물 머금고 기다린 떨림 끝에 다시 나는 메말라가는땅 위에 온몸이 타 들어가고 내 손끝에 남은 너의 향기 흩어져 날아가 멀어져 가는 너의 손을 붙잡지 못해 아프다 살아갈 만큼만 미워했던 만큼만 먼 훗날 너를 데려다 줄 그 봄이 오면 그날에 나 피우리라,발라드,2010
103,봄날,방탄소년단,보고 싶다 이렇게 말하니까 더 보고 싶다 너희 사진을 보고 있어도 보고 싶다 너무 야속한 시간 나는 우리가 밉다 이젠 얼굴 한번 보는 것 조차 힘들어진 우리가 여긴 온통 겨울 뿐이야 8월에도 겨울이 와 마음은 시간을 달려가네 홀로 남은 설국열차 니 손 잡고 지구 반대편까지 가 겨울을 끝내고파 그리움들이 얼마나 눈처럼 내려야 그 봄날이 올까 허공을 떠도는 작은 먼지처럼 작은 먼지처럼 날리는 눈이 나라면 조금 더 빨리 네게 닿을 수 있을 텐데 눈꽃이 떨어져요 또 조금씩 멀어져요 보고 싶다 보고 싶다 보고 싶다 보고 싶다 얼마나 기다려야 또 몇 밤을 더 새워야 널 보게 될까 널 보게 될까 만나게 될까 만나게 될까 추운 겨울 끝을 지나 다시 봄날이 올 때까지 꽃 피울 때까지 그곳에 좀 더 머물러줘 머물러줘 니가 변한 건지 니가 변한 건지 아니면 내가 변한 건지 내가 변한 건지 이 순간 흐르는 시간조차 미워 우리가 변한 거지 뭐 모두가 그런 거지 뭐 그래 밉다 니가 넌 떠났지만 단 하루도 너를 잊은 적이 없었지 난 솔직히 보고 싶은데 이만 너를 지울게 그게 널 원망하기보단 덜 아프니까 시린 널 불어내 본다 연기처럼 하얀 연기처럼 말로는 지운다 해도 사실 난 아직 널 보내지 못하는데 눈꽃이 떨어져요 또 조금씩 멀어져요 보고 싶다 보고 싶다 보고 싶다 보고 싶다 얼마나 기다려야 또 몇 밤을 더 새워야 널 보게 될까 널 보게 될까 만나게 될까 만나게 될까 아침은 다시 올 거야 어떤 어둠도 어떤 계절도 영원할 순 없으니까 벚꽃이 피나봐요 이 겨울도 끝이 나요 보고 싶다 보고 싶다 보고 싶다 보고 싶다 조금만 기다리면 며칠 밤만 더 새우면 만나러 갈게 만나러 갈게 데리러 갈게 데리러 갈게 추운 겨울 끝을 지나 다시 봄날이 올 때까지 꽃 피울 때까지 그곳에 좀 더 머물러줘 머물러줘,랩/힙합,2010
104,금요일에 만나요 (Feat. 장이정 Of HISTORY),아이유,월요일엔 아마 바쁘지 않을까 화요일도 성급해 보이지 안 그래 수요일은 뭔가 어정쩡한 느낌 목요일은 그냥 내가 왠지 싫어 우 이번 주 금요일 우 금요일에 시간 어때요 주말까지 기다리긴 힘들어 시간아 달려라 시계를 더 보채고 싶지만 일분 일초가 달콤해 이 남자 도대체 뭐야 사랑에 빠지지 않곤 못 배기겠어 온 종일 내 맘은 저기 시계바늘 위에 올라타 한 칸씩 그대에게 더 가까이 우 이번 주 금요일 우 금요일에 시간 어때요 딱히 보고 싶은 영화는 없지만 딱히 먹고 싶은 메뉴는 없지만 주말까지 기다리긴 힘들어 시간아 달려라 시계를 더 보채고 싶지만 일분 일초가 달콤해 이 남자 도대체 뭐야 사랑에 빠지지 않곤 못 배기겠어 온 종일 내 맘은 저기 시계바늘 위에 올라타 한 칸씩 그대에게 더 가까이 나 뭔가에 홀린 것 같아 이 여잔 도대체 뭐야 사랑해주지 않고는 못 배기겠어 돌아오는 이번 주 금요일에 만나요 그 날 내 맘을 더 가져가줘요 더 가까이 더 가까이 와요 더 가까이,발라드,2010
105,첫눈처럼 너에게 가겠다,에일리(AILEE),널 품기 전 알지 못했다 내 머문 세상 이토록 찬란한 것을 작은 숨결로 닿은 사람 겁 없이 나를 불러준 사랑 몹시도 좋았다 너를 지켜보고 설레고 우습게 질투도 했던 평범한 모든 순간들이 캄캄한 영원 그 오랜 기다림 속으로 햇살처럼 니가 내렸다 널 놓기 전 알지 못했다 내 머문 세상 이토록 쓸쓸한 것을 고운 꽃이 피고 진 이 곳 다시는 없을 너라는 계절 욕심이 생겼다 너와 함께 살고 늙어가 주름진 손을 맞잡고 내 삶은 따뜻했었다고 단 한번 축복 그 짧은 마주침이 지나 빗물처럼 너는 울었다 한번쯤은 행복하고 싶었던 바람 너까지 울게 만들었을까 모두 잊고 살아가라 내가 널 찾을 테니 니 숨결 다시 나를 부를 때 잊지 않겠다 너를 지켜보고 설레고 우습게 질투도 했던 니가 준 모든 순간들을 언젠가 만날 우리 가장 행복할 그날 첫눈처럼 내가 가겠다 너에게 내가 가겠다,"발라드, 국내드라마",2010
106,봄 사랑 벚꽃 말고,HIGH4 (하이포),길었던 겨우내 줄곧 품이 좀 남는 밤색 코트 그 속에 나를 쏙 감추고 걸음을 재촉해 걸었어 그런데 사람들 말이 너만 아직도 왜 그러니 그제서야 둘러보니 어느새 봄이 손 잡고 걸을 사람 하나 없는 내게 달콤한 봄바람이 너무해 나만 빼고 다 사랑에 빠져 봄노래를 부르고 꽃잎이 피어나 눈 앞에 살랑거려도 난 다른 얘기가 듣고 싶어 한바탕 휩쓸고 지나가버릴 오오 봄 사랑 벚꽃 말고 봄 사랑 벚꽃 말고 봄 사랑 벚꽃 말고 봄 사랑 벚꽃 말고 손에 닿지도 않을 말로 날 꿈틀거리게 하지 말어 맘 먹고 밖에 나가도 막상 뭐 별 거 있나 손 잡고 걸을 사람 하나 없는 내게 오 사랑노래들이 너무해 나만 빼고 다 사랑에 빠져 봄노래를 부르고 꽃잎이 피어나 눈 앞에 살랑거려도 난 다른 얘기가 듣고 싶어 한바탕 휩쓸고 지나가버릴 오오 봄 사랑 벚꽃 말고 남들보다 절실한 사랑 노래 가사를 불러 봐 수많은 연인들 가운데 왜 나는 혼자만 똑같은 거리와 어제와 같은 옷차림 난 제자린데 왜 세상은 변한 것만 같지 누군가와 봄길을 거닐고 할 필욘 없지만 누구나 한번쯤은 머물고 싶은 그런 기억을 만들고 싶어 떨어지는 벚꽃잎도 엔딩이 아닌 봄의 시작이듯 사실은 요즘 옛날 생각이 나 걷기만 해도 그리워지니까 다시 느낄 수 있나 궁금해지지만 나만 빼고 다 사랑에 빠져 봄노래를 부르고 꽃잎이 피어나 눈 앞에 살랑거려도 난 다른 얘기가 듣고 싶어 한바탕 휩쓸고 지나가버릴 오오 봄 사랑 벚꽃 말고 봄 사랑 벚꽃 말고 봄 사랑 벚꽃 말고 봄 사랑 벚꽃 말고 봄 사랑 벚꽃 말고,발라드,2010
107,"모든 날, 모든 순간 (Every day, Every Moment)",폴킴,네가 없이 웃을 수 있을까 생각만 해도 눈물이나 힘든 시간 날 지켜준 사람 이제는 내가 그댈 지킬 테니 너의 품은 항상 따뜻했어 고단했던 나의 하루에 유일한 휴식처 나는 너 하나로 충분해 긴 말 안 해도 눈빛으로 다 아니깐 한 송이의 꽃이 피고 지는 모든 날 모든 순간 함께해 햇살처럼 빛나고 있었지 나를 보는 네 눈빛은 꿈이라고 해도 좋을 만큼 그 모든 순간은 눈부셨다 불안했던 나의 고된 삶에 한줄기 빛처럼 다가와 날 웃게 해준 너 나는 너 하나로 충분해 긴 말 안 해도 눈빛으로 다 아니깐 한 송이의 꽃이 피고 지는 모든 날 모든 순간 함께해 알 수 없는 미래지만 네 품속에 있는 지금 순간 순간이 영원 했으면 해 갈게 바람이 좋은 날에 햇살 눈부신 어떤 날에 너에게로 처음 내게 왔던 그날처럼 모든 날 모든 순간 함께해,"발라드, 국내드라마",2010
108,어디에도,엠씨더맥스 (M.C the MAX),차가워진 눈빛을 바라보며 이별의 말을 전해 들어요 아무 의미 없던 노래 가사가 아프게 귓가에 맴돌아요 다시 겨울이 시작되듯이 흩어지는 눈 사이로 그대 내 맘에 쌓여만 가네 떠나지 말라는 그런 말도 하지 못하고 고개를 떨구던 뒷모습만 그대 내게 오지 말아요 두 번 다시 이런 사랑 하지 마요 그댈 추억하기보단 기다리는 게 부서진 내 맘이 더 아파와 다시 누군가를 만나서 결국 우리 사랑 지워내도 행복했던 것만 기억에 남아 나를 천천히 잊어 주기를 아무것도 마음대로 안 돼요 아픔은 그저 나를 따라와 밤새도록 커져 버린 그리움 언제쯤 익숙해져 가나요 많은 날들이 떠오르네요 우리가 나눴던 날들 애써 감추고 돌아서네요 떠나지 말라는 그런 말도 하지 못하고 고개를 떨구던 뒷모습만 그대 내게 오지 말아요 두 번 다시 이런 사랑 하지 마요 그댈 추억하기보단 기다리는 게 부서진 내 맘이 더 아파와 다시 누군가를 만나서 결국 우리 사랑 지워내도 행복했던 것만 기억에 남아 나를 천천히 잊어 주기를 부를 수도 없이 멀어진 그대가 지나치는 바람에도 목이 메어와 어디에도 그대가 살아서 우린 사랑하면 안 돼요 다가갈수록 미워지니까 행복했던 것만 기억에 남아 나를 천천히 잊어 가기를 사랑했던,발라드,2010
109,바람기억,나얼,바람 불어와 내 맘 흔들면 지나간 세월에 두 눈을 감아본다 나를 스치는 고요한 떨림 그 작은 소리에 난 귀를 기울여 본다 내 안에 숨쉬는 커버린 삶의 조각들이 날 부딪혀 지날 때 그 곳을 바라보리라 우리의 믿음 우리의 사랑 그 영원한 약속들을 나 추억한다면 힘차게 걸으리라 우리의 만남 우리의 이별 그 바래진 기억에 나 사랑했다면 미소를 띄우리라 내 안에 있는 모자란 삶의 기억들이 날 부딪혀 지날 때 그 곳을 바라보리라 우리의 믿음 우리의 사랑 그 영원한 약속들을 나 추억한다면 힘차게 걸으리라 우리의 만남 우리의 이별 그 바래진 기억에 나 사랑했다면 미소를 띄우리라,R&B/Soul,2010
110,선물,멜로망스,빛이 들어오면 자연스레 뜨던 눈 그렇게 너의 눈빛을 보곤 사랑에 눈을 떴어 항상 알고 있던 것들도 어딘가 새롭게 바뀐 것 같아 남의 얘기 같던 설레는 일들이 내게 일어나고 있어 나에게만 준비된 선물 같아 자그마한 모든 게 커져만 가 항상 평범했던 일상도 특별해지는 이 순간 별생각 없이 지나치던 것들이 이제는 마냥 내겐 예뻐 보이고 내 맘을 설레게 해 항상 어두웠던 것들도 어딘가 빛나고 있는 것 같아 남의 얘기 같던 설레는 일들이 내게 일어나고 있어 나에게만 준비된 선물 같아 자그마한 모든 게 커져만 가 항상 평범했던 일상도 특별해지는 이 순간 너를 알게 된 뒤 보이는 모든 것들이 너무 예뻐 보여 그렇게 신난 아이처럼 순수한 사람이 된 것 같아 나에게만 준비된 선물 같아 자그마한 모든 게 커져만 가 항상 평범했던 일상도 특별해지는 이 순간 깊은 사랑에 빠진 순간,"발라드, 인디음악",2010
111,크리스마스니까,성시경,하늘에선 마침 눈이 내려 뭔가 잘 될 것 같은 예감 하얀 거리마다 행복해 보이는 연인들 니 맘은 어떤지 내 맘과 같은지 우리 시작해볼까 오늘은 괜찮을까요 내 맘이 전해질까요 내리는 하얀 눈처럼 너에게 닿을까요 숨겨왔던 내 맘 전부 고백할게요 바로 오늘 크리스마스이니까 사실 그대도 조금은 기댈 했잖아요 못 이기는 척 웃는 너 그런 니가 사랑스러워 오늘은 괜찮을까요 내 맘이 전해질까요 내리는 하얀 눈처럼 너에게 닿을까요 숨겨왔던 내 맘 전부 고백할게요 바로 오늘 크리스마스 많은 사람들 속에 너만 내 눈에 보여 의상 좋고 머리도 괜찮고 얼굴 상태 나쁘지 않아 오늘만 기다렸단 말야 눈치껏 눈도 내린단 말야 또박또박 연습한 멘트 뚜벅뚜벅 걷는 발걸음이 벌써 네 앞에 도착했어 올해 크리스마스 선물은 나야 귀요미 루돌프 남 오늘이야 메리 크리스마스 조금만 더 용길 낼게 이 순간이 지나버리면 널 놓칠지 몰라 진심이 더 진심처럼 느껴지는 게 바로 오늘 크리스마스이니까 너와 나 영원히,발라드,2010
112,너의 의미 (Feat. 김창완),아이유,너의 그 한 마디 말도 그 웃음도 나에겐 커다란 의미 너의 그 작은 눈빛도 쓸쓸한 그 뒷모습도 나에겐 힘겨운 약속 너의 모든 것은 내게로 와 풀리지 않는 수수께끼가 되네 슬픔은 간이역의 코스모스로 피고 스쳐 불어온 넌 향긋한 바람 나 이제 뭉게구름 위에 성을 짓고 널 향해 창을 내리 바람 드는 창을 너의 그 한 마디 말도 그 웃음도 나에겐 커다란 의미 너의 그 작은 눈빛도 쓸쓸한 그 뒷모습도 나에겐 힘겨운 약속 너의 모든 것은 내게로 와 풀리지 않는 수수께끼가 되네 슬픔은 간이역의 코스모스로 피고 스쳐 불어온 넌 향긋한 바람 나 이제 뭉게구름 위에 성을 짓고 널 향해 창을 내리 바람 드는 창을 슬픔은 간이역의 코스모스로 피고 스쳐 불어온 넌 향긋한 바람 나 이제 뭉게구름 위에 성을 짓고 널 향해 창을 내리 바람 드는 창을 너의 그 한 마디 말도 그 웃음도 나에겐 커다란 의미 너의 그 작은 눈빛도 쓸쓸한 그 뒷모습도 나에겐 힘겨운 약속,발라드,2010
113,좋니,윤종신,이제 괜찮니 너무 힘들었잖아 우리 그 마무리가 고작 이별뿐인 건데 우린 참 어려웠어 잘 지낸다고 전해 들었어 가끔 벌써 참 좋은 사람 만나 잘 지내고 있어 굳이 내게 전하더라 잘했어 넌 못 참았을 거야 그 허전함을 견뎌 내기엔 좋으니 사랑해서 사랑을 시작할 때 니가 얼마나 예쁜지 모르지 그 모습을 아직도 못 잊어 헤어 나오지 못해 니 소식 들린 날은 더 좋으니 그 사람 솔직히 견디기 버거워 니가 조금 더 힘들면 좋겠어 진짜 조금 내 십 분의 일 만이라도 아프다 행복해 줘 억울한가 봐 나만 힘든 것 같아 나만 무너진 건가 고작 사랑 한번 따위 나만 유난 떠는 건지 복잡해 분명 행복 바랬어 이렇게 빨리 보고 싶을 줄 좋으니 사랑해서 사랑을 시작할 때 니가 얼마나 예쁜지 모르지 그 모습을 아직도 못 잊어 헤어 나오지 못해 니 소식 들린 날은 더 좋으니 그 사람 솔직히 견디기 버거워 너도 조금 더 힘들면 좋겠어 진짜 조금 내 십 분의 일 만이라도 아프다 행복해 줘 혹시 잠시라도 내가 떠오르면 걘 잘 지내 물어 봐줘 잘 지내라고 답할 걸 모두 다 내가 잘 사는 줄 다 아니까 그 알량한 자존심 때문에 너무 잘 사는 척 후련한 척 살아가 좋아 정말 좋으니 딱 잊기 좋은 추억 정도니 난 딱 알맞게 사랑하지 못한 뒤끝 있는 너의 예전 남자친구일 뿐 스쳤던 그저 그런 사랑,발라드,2010
114,비도 오고 그래서 (Feat. 신용재),헤이즈 (Heize),비도 오고 그래서 네 생각이 났어 생각이 나서 그래서 그랬던거지 별 의미 없지 오늘은 오랜만에 네 생각을 하는 날이야 일부러 난 너와 내가 담겨 있는 노랠 찾아 오늘은 슬프거나 우울해도 괜찮은 맘이야 어차피 이 밤이 다 지나가면은 별 수도 없이 난 또 한 동안은 널 잊고 살테니까 내 가슴 속에만 품고 살아갈테니까 비도 오고 그래서 네 생각이 났어 생각이 나서 그래서 그랬던거지 별 의미 없지 우산 속에 숨어서 네 집을 지나쳐 그 날의 감정을 다시 느껴보고파서 떨어지는 빗물과 시계 초침 소리가 방 안 가득 채우면 그 때로 난 돌아가 차라리 난 이 비가 그치지 않았음 해 매일 기억 속에 살 수 있게 나 널 아프게 했던 못난 놈이니까 널 다시 품에 안을 자격도 없으니까 비도 오고 그래서 네 생각이 났어 생각이 나서 그래서 그랬던거지 별 의미 없지 우산 속에 숨어서 네 집을 지나쳐 그 날의 감정을 다시 느껴보고파서 우리에게 주어진 행복을 너무 빨리 쓴 것 같아 거기까지 인 것 같아 이 비가 그칠 땐 각자 있던 곳에서 다시 살아가야만 해 비도 오고 그래서 네 생각이 났어 생각이 나서 그래서 그랬던거지 별 의미 없지 우산 속에 숨어서 네 집을 지나쳐 그 날의 감정을 다시 느껴보고파서,R&B/Soul,2010
115,CHEER UP,TWICE (트와이스),매일 울리는 벨벨벨 이젠 나를 배려 해줘 배터리 낭비하긴 싫어 자꾸만 봐 자꾸 자꾸만 와 전화가 펑 터질 것만 같아 몰라 몰라 숨도 못 쉰대 나 때문에 힘들어 쿵 심장이 떨어진대 왜 걔 말은 나 너무 예쁘대 자랑 하는건 아니구 아 아까는 못 받아서 미안해 만나긴 좀 그렇구 미안해 조르지마 얼마 가지 않아 아직은 좀 일러 내 맘 갖긴 일러 하지만 더 보여줄래 좀 더 힘을 내 여자가 쉽게 맘을 주면 안돼 그래야 니가 날 더 좋아하게 될걸 태연하게 연기할래 아무렇지 않게 내가 널 좋아하는 맘 모르게 안절부절 목소리가 여기까지 들려 땀에 젖은 전화기가 여기서도 보여 바로 바로 대답하는 것도 매력 없어 메시지만 읽고 확인 안 하는 건 기본 이러다가 지칠까 봐 걱정되긴 하고 어어어 안 그러면 내가 더 빠질 것만 같어 빠질 것만 같어 아 답장을 못해줘서 미안해 만나긴 좀 그렇구 미안해 조르지마 어디 가지 않아 너무 빨린 싫어 성의를 더 보여 내가 널 기다려줄게 좀 더 힘을 내 여자가 쉽게 맘을 주면 안돼 그래야 니가 날 더 좋아하게 될걸 태연하게 연기할래 아무렇지 않게 내가 널 좋아하는 맘 모르게 나도 니가 좋아 상처 입을까 봐 걱정되지만 여자니까 이해해주길 속 마음 들킬 까봐 겁이나 지금처럼 조금만 더 다가와 그리 오래 걸리진 않아 좀 더 힘을 내 여자가 쉽게 맘을 주면 안돼 그래야 니가 날 더 좋아하게 될걸 태연하게 연기할래 아무렇지 않게 내가 널 좋아하는 맘 모르게,댄스,2010
116,우주를 줄게,볼빨간사춘기,커피를 너무 많이 마셨나 봐요 심장이 막 두근대고 잠은 잘 수가 없어요 한참 뒤에 별빛이 내리면 난 다시 잠들 순 없겠죠 지나간 새벽을 다 새면 다시 네 곁에 잠들겠죠 너의 품에 잠든 난 마치 천사가 된 것만 같아요 난 그대 품에 별빛을 쏟아 내리고 은하수를 만들어 어디든 날아가게 할거야 저 별을 따 네게만 반짝이는 널 가지고 싶어 엄지와 검지만 해도 내 마음을 너무 잘 표현해 붙어 안달 나니까 마냥 떨리기만 한 게 아냐 준비가 되면 쏘아 올린 인공위성처럼 네 주윌 마구 맴돌려 해 더 가까워진다면 네가 가져줄래 이 떨림을 어제는 내가 기분이 참 좋아서 지나간 행성에다가 그대 이름 새겨 놓았죠 한참 뒤에 별빛이 내리면 그 별이 가장 밝게 빛나요 지나간 새벽을 다 새면 다시 네 곁에 잠들겠죠 별빛 아래 잠든 난 마치 온 우주를 가진 것만 같아 난 그대 품에 별빛을 쏟아 내리고 은하수를 만들어 어디든 날아가게 할거야 저 별을 따 네게만,"인디음악, 포크/블루스",2010
117,미리 메리 크리스마스 (Feat. 천둥 Of MBLAQ),아이유,하얀 눈이 내려올 때면 온 세상이 물들을 때면 눈꽃이 피어나 또 빛이 나 눈이 부신 너처럼 꾹꾹 참아도 네가 내게 불러 준 늘 불안불안 해 꿈처럼 깰까 봐 하늘에게 감사해 하얀 눈이 내려올 때면 온 세상이 물들을 때면 눈꽃이 피어나 또 빛이 나 눈이 부신 너처럼 사랑할 수 밖에 없어서 사랑한 네 손 잡고서 첫 눈 위를 걸어 발자국을 새겨 이 길 끝까지 걸어 갈 거야 네 여자친구가 되고만 싶은 걸 너의 곁에 있을게 하얀 눈이 내려올 때면 온 세상이 물들을 때면 눈꽃이 피어나 또 빛이 나 눈이 부신 너처럼 사랑할 수 밖에 없어서 사랑한 네 손 잡고서 첫 눈 위를 걸어 발자국을 새겨 이 길 끝까지 걸어 갈 거야 매일 매일 너 때문에 행복해 다른 누구 아닌 나를 나도 믿기지 않아 지금 네가 내 옆에 이렇게 손 꼭 잡은 채 걷는다는 게 하얀 눈보다 더 뽀얀 네 볼에 다가오는 크리스마스에는 기다리는 그 날만큼은 네 곁에 있을래 하루 종일 미리 미리 약속해 사랑할 수 밖에 없어서 사랑한 네 손 잡고서 첫 눈 위를 걸어 발자국을 새겨 이 길 끝까지 걸어 갈 거야,댄스,2010
118,또 다시 사랑,임창정,아픔이 좀 더 작아질까 의미 없는 만남을 하다가 어느 날 그대가 흘린 눈물 왠지 나와 같다 느껴서 이렇게 그대를 지키는가 봐요 행복하고 싶었던 그대를 몰랐던 누군갈 또 알아가면서 분명 행복할 걸 알겠지만 내가 그대를 만났다는 건 어쩌면 흘러가는 흔한 인연이란 것 일지 모르지만 오늘도 다시 또 다시 사랑해요 사랑 언제나 이번이 마지막이라며 처음인 듯 찾아오니까 어느 날 그대가 숨긴 눈물 왠지 나와 같다 느껴서 이렇게 그대를 지키는 가 봐요 행복하고 싶었던 그대를 몰랐던 누군갈 또 알아가는 게 혹시 두렵기도 하겠지만 내가 그대를 만났다는 건 어쩌면 흘러가는 흔한 인연이란 것일지 모르지만 오늘도 다시 또 다시 사랑해요 사랑 언제나 이번이 마지막이라며 처음인 듯 찾아오니까 절대 우리 작은 다툼조차 하지 마요 이별 후엔 서운함만 가슴속에 남으니 사소한 그 표현이 그 말들이 언제나 나에겐 참 고마울 거예요 내가 그대를 만났다는 건 어쩌면 흘러가는 흔한 인연이란 것 일지 모르지만 오늘도 다시 또 다시 사랑해요 사랑 언제나 이번이 마지막이라며 처음인 듯 찾아오니까 사랑 언제나 이번이 마지막이라며,발라드,2010
119,널 사랑하지 않아,어반자카파,무슨 말을 할까 어디서부터 어떻게 고개만 떨구는 나 그런 날 바라보는 너 그 어색한 침묵 널 사랑하지 않아 너도 알고 있겠지만 눈물 흘리는 너의 모습에도 내 마음 아프지가 않아 널 사랑하지 않아 다른 이유는 없어 미안하다는 말도 용서해 달란 말도 하고 싶지 않아 그냥 그게 전부야 이게 내 진심인 거야 널 사랑하지 않아 널 사랑하지 않아 널 사랑하지 않아 너도 알고 있겠지만 눈물 흘리는 너의 모습에도 내 마음 아프지가 않아 널 사랑하지 않아 다른 이유는 없어 미안하다는 말도 용서해 달란 말도 하고 싶지 않아 그냥 그게 전부야 이게 내 진심인 거야 널 사랑하지 않아 널 사랑하지 않아 널 사랑하지 않아 다른 이유는 없어 미안하다는 말도 용서해 달란 말도 하고 싶지 않아 그냥 그게 전부야 이게 내 진심인 거야 널 사랑하지 않아 널 사랑하지 않아,발라드,2010
120,썸 (Feat. 릴보이 Of 긱스),소유 (SOYOU),가끔씩 나도 모르게 짜증이나 너를 향한 맘은 변하지 않았는데 혹시 내가 이상한 걸까 혼자 힘들게 지내고 있었어 텅 빈 방 혼자 멍하니 뒤척이다 티비에는 어제 본 것 같은 드라마 잠이 들 때까지 한번도 울리지 않는 핸드폰을 들고 요즘 따라 내꺼인 듯 내꺼 아닌 내꺼 같은 너 니꺼인 듯 니꺼 아닌 니꺼 같은 나 이게 무슨 사이인 건지 사실 헷갈려 무뚝뚝하게 굴지마 연인인 듯 연인 아닌 연인 같은 너 나만 볼 듯 애매하게 날 대하는 너 때로는 친구 같다는 말이 괜히 요즘 난 듣기 싫어 졌어 매일 아침 너의 문자에 눈을 뜨고 하루 끝에는 니 목소리에 잠들고 파 주말에는 많은 사람 속에서 보란 듯이 널 끌어 안고 싶어 요즘 따라 내꺼인 듯 내꺼 아닌 내꺼 같은 너 니꺼인 듯 니꺼 아닌 니꺼 같은 나 때로는 친구 같다는 말이 괜히 요즘 난 듣기 싫어 졌어 너 요즘 너 별로야 너 별로야 나 근데 난 너뿐이야 난 너뿐이야 분명하게 내게 선을 그어줘 자꾸 뒤로 빼지 말고 날 사랑한다 고백해 줘 여전히 친구인척 또 연인인척 행동하는 모습을 전부다 돌이켜 생각 할 수록 너의 진심이 무엇도 아니 어쩌면 확실한 표현을 원하지만 너의 미소 띈 표정에 잊어버리지 난 요즘 따라 내꺼인 듯 내꺼 아닌 내꺼 같은 너 니꺼인 듯 니꺼 아닌 니꺼 같은 나 순진한 척 웃지만 말고 그만 좀 해 너 솔직하게 좀 굴어봐 니 맘 속에 날 놔두고 한 눈 팔지 마 너야말로 다 알면서 딴청 피우지 마 피곤하게 힘 빼지 말고 어서 말해줘 사랑한단 말이야,R&B/Soul,2010
121,사랑을 했다 (LOVE SCENARIO),iKON,사랑을 했다 우리가 만나 지우지 못할 추억이 됐다 볼만한 멜로드라마 괜찮은 결말 그거면 됐다 널 사랑했다 이젠 조명이 꺼지고 마지막 페이지를 넘기면 조용히 막을 내리죠 에이 괜찮지만은 않아 이별을 마주한다는 건 오늘이었던 우리의 어제에 더는 내일이 없다는 건 아프긴 해도 더 끌었음 널 사랑했고 사랑 받았으니 난 이걸로 됐어 나 살아가면서 가끔씩 떠오를 기억 그 안에 네가 있다면 그거면 충분해 사랑을 했다 우리가 만나 지우지 못할 추억이 됐다 볼만한 멜로드라마 괜찮은 결말 그거면 됐다 널 사랑했다 이젠 조명이 꺼지고 마지막 페이지를 넘기면 조용히 막을 내리죠 갈비뼈 사이사이가 찌릿찌릿한 느낌 나 사랑받고 있음을 알게 해주는 눈빛 너에게 참 많이도 배웠다 반쪽을 채웠다 과거로 두기엔 너무 소중한 사람이었다 나 살아가면서 가끔씩 떠오를 기억 그 안에 네가 있다면 그거면 충분해 사랑을 했다 우리가 만나 지우지 못할 추억이 됐다 볼만한 멜로드라마 괜찮은 결말 그거면 됐다 널 사랑했다 네가 벌써 그립지만 그리워하지 않으려 해 한 편의 영화 따스했던 봄으로 너를 기억할게 이젠 조명이 꺼지고 마지막 페이지를 넘기면 조용히 막을 내리죠 우린 아파도 해봤고 우습게 질투도 했어 미친 듯이 사랑했고 우리 이 정도면 됐어 사랑을 했다 우리가 만나 그거면 됐다 널 사랑했다,랩/힙합,2010
122,좋은 날,아이유,어쩜 이렇게 하늘은 더 파란 건지 오늘따라 왜 바람은 또 완벽한지 그냥 모르는 척 하나 못들은 척 지워버린 척 딴 얘길 시작할까 아무 말 못하게 입맞출까 눈물이 차올라서 고갤 들어 흐르지 못하게 또 살짝 웃어 내게 왜 이러는지 무슨 말을 하는지 오늘 했던 모든 말 저 하늘 위로 한번도 못했던 말 울면서 할 줄은 나 몰랐던 말 나는요 오빠가 좋은걸 어떡해 새로 바뀐 내 머리가 별로였는지 입고 나왔던 옷이 실수였던 건지 아직 모르는 척 기억 안 나는 척 아무 일없던 것처럼 굴어볼까 그냥 나가자고 얘기할까 눈물이 차올라서 고갤 들어 흐르지 못하게 또 살짝 웃어 내게 왜 이러는지 무슨 말을 하는지 오늘 했던 모든 말 저 하늘 위로 한번도 못했던 말 울면서 할 줄은 나 몰랐던 말 나는요 오빠가 좋은걸 어떡해 이런 나를 보고 그런 슬픈 말은 하지 말아요 철없는 건지 조금 둔한 건지 믿을 수가 없는걸요 눈물은 나오는데 활짝 웃어 네 앞을 막고서 막 크게 웃어 내가 왜 이러는지 부끄럼도 없는지 자존심은 곱게 접어 하늘위로 한 번도 못했던 말 어쩌면 다신 못할 바로 그 말 나는요 오빠가 좋은걸 아이쿠 하나 둘 이렇게 좋은 날,댄스,2010
123,한여름밤의 꿀,San E,무더운 밤 잠은 오지 않고 이런저런 생각에 불러본 너 나올 줄 몰랐어 간지러운 바람 웃고 있는 우리 밤하늘에 별 취한듯한 너 바랄게 뭐 더 있어 한여름밤의 꿀 한여름밤의 꿀 정말 오랜만이야 어떻게 지냈어 나 똑같지 뭐 그냥 열심히 일했어 넌 어때 그때 그 사람 계속 만나 헤어졌구나 미안 괜한 얘기 꺼내 어쨌든 반가워 시간 진짜 빠르다 벌써 여기까지 왔네 우리도 근데 어쩜 넌 하나 변함없이 여전히 이쁘네 던진 농담 반 진담 반 왜 말 돌리는데 술 때문인 건지 아니면 부끄러운 건지 빨개지는 볼 너 생각나로 피어나는 추억에 화원 색색 아련한 이야기꽃 웃음꽃 예전에 나 너 좋아했던 거 알어 나 좀 취했나 봐 헛소리 신경 쓰지 말고 무더운 밤 잠은 오지 않고 이런저런 생각에 불러본 너 나올 줄 몰랐어 간지러운 바람 웃고 있는 우리 밤하늘에 별 취한듯한 너 바랄게 뭐 더 있어 한여름밤의 꿀 이건 마치 한여름밤의 꿀 우린 마치 잠깐 안 나는 옛 노래 흥얼거려 멜로디 시원한 밤공기 자리 옮길 겸 걷자 신난다며 폴짝 뛰어가는 뒷모습 참 순수해 너란 여자 그러다 벌레 한 마리에 기겁하더니 가로등 불빛 아래 포개지는 그림자 하나 이 순간 둘 행복해 셋 어느새 쥐고 있는 손가락 넷 한여름밤의 꿈 깨고 싶지 않은 한여름밤의 꿀 바로 오늘 같은 무더운 밤 잠은 오지 않고 이런저런 생각에 불러본 너 나올 줄 몰랐어 간지러운 바람 웃고 있는 우리 밤하늘에 별 취한듯한 너 바랄게 뭐 더 있어 한여름밤의 꿀 이건 마치 한여름밤의 꿀 우린 마치 오늘 너무 즐거웠어 너무 즐거웠어 너무 반가웠어 나도 반가웠어 잘 자 굿나잇 이런 널 보고 있자니 바랄게 없어서 잘 자 굿나잇 이런 널 안고 있자니 바랄게 뭐 더 있어 한여름밤의 꿀 한여름밤의 꿀 한여름밤의 꿀 이건 마치 한여름밤의 꿀 우린 마치,랩/힙합,2010
124,Way Back Home,숀 (SHAUN),멈춘 시간 속 잠든 너를 찾아가 아무리 막아도 결국 너의 곁인 걸 길고 긴 여행을 끝내 이젠 돌아가 너라는 집으로 지금 다시 아무리 힘껏 닫아도 다시 열린 서랍 같아 하늘로 높이 날린 넌 자꾸 내게 되돌아와 힘들게 삼킨 이별도 다 그대로인 걸 수없이 떠난 길 위에서 난 너를 발견하고 비우려 했던 맘은 또 이렇게 너로 차올라 발걸음의 끝에 늘 니가 부딪혀 그만 그만 멈춘 시간 속 잠든 너를 찾아가 아무리 막아도 결국 너의 곁인 걸 길고 긴 여행을 끝내 이젠 돌아가 너라는 집으로 지금 다시 조용히 잠든 방을 열어 기억을 꺼내 들어 부서진 시간 위에서 선명히 너는 떠올라 길 잃은 맘 속에 널 가둔 채 살아 그만 그만 멈춘 시간 속 잠든 너를 찾아가 아무리 막아도 결국 너의 곁인 걸 길고 긴 여행을 끝내 이젠 돌아가 너라는 집으로 지금 다시 세상을 뒤집어 찾으려 해 오직 너로 완결된 이야기를 모든 걸 잃어도 난 너 하나면 돼 빛이 다 꺼진 여기 나를 안아줘 눈을 감으면 소리 없이 밀려와 이 마음 그 위로 넌 또 한 겹 쌓여가 내겐 그 누구도 아닌 니가 필요해 돌아와 내 곁에 그날까지,"인디음악, 일렉트로니카",2010
125,이 소설의 끝을 다시 써보려 해,한동근,시계가 반대로 돌아가고 있어 내렸던 빗물이 올라가고 있어 잊었던 기억이 돌아오고 있어 도로 위에 차들이 반대로 달리고 온 세상의 모든 게 다 거꾸로 움직여 지금 나는 계속 반대로 뒷걸음질 치며 그날의 너에게 돌아가고 있어 운명 같은 만남 너무 아픈 결말 난 이 소설의 끝을 다시 써보려 해 내 한 권의 사랑 마지막 장면엔 니가 있어야 해 그래야 말이 되니까 한 장씩 한 장씩 뒤로 넘겨 지며 아팠던 일기가 지워지고 있어 가루 낸 사진이 모여들고 있어 버렸던 미련이 돌아오고 있어 삼켰던 내 눈물이 다시 뱉어지고 뱉었던 그 모진 말은 다시 삼켜지고 지금 나는 계속 반대로 뒷걸음질 치며 그날의 너에게 돌아가고 있어 운명 같은 만남 너무 아픈 결말 난 이 소설의 끝을 다시 써보려 해 내 한 권의 사랑 마지막 장면엔 니가 있어야 해 그래야 말이 돼 여기야 우리가 이별한 그 슬픈 페이지 내 앞에서 니가 서서 울고 있어 너에게 묻고 싶어 너만 괜찮다면 난 이 소설의 끝을 다시 써보려 해 내 한 권의 사랑 마지막 장면엔 니가 있어야 해 그래야 말이 되니까,발라드,2010
126,끝사랑,김범수,내가 이렇게 아픈데 그댄 어떨까요 원래 떠나는 사람이 더 힘든 법인데 아무 말하지 말아요 그대 마음 알아요 간신히 참고 있는 날 울게 하지 마요 이별은 시간을 멈추게 하니까 모든걸 빼앗고 추억만 주니까 아무리 웃어 보려고 안간힘 써 봐도 밥 먹다가도 울겠지만 그대 오직 그대만이 내 첫사랑 내 끝사랑 지금부터 달라질 수 없는 한 가지 그대만이 영원한 내 사랑 그대도 나처럼 잘못했었다면 그 곁에 머물기 수월했을까요 사랑해 떠난다는 말 과분하다는 말 코웃음 치던 나였지만 그대 오직 그대만이 내 첫사랑 내 끝사랑 지금부터 그대 나를 잊고 살아도 그대만이 영원한 내 사랑 나는 다시는 사랑을 못할 것 같아요 그대가 아니면,발라드,2010
127,DNA,방탄소년단,첫눈에 널 알아보게 됐어 서롤 불러왔던 것처럼 내가 찾아 헤매던 너라는 걸 우리 만남은 수학의 공식 종교의 율법 우주의 섭리 내게 주어진 운명의 증거 너는 내 꿈의 출처 너에게 내민 내 손은 정해진 숙명 이 모든 건 우연이 아니니까 운명을 찾아낸 둘이니까 우주가 생긴 그 날부터 계속 무한의 세기를 넘어서 계속 우린 전생에도 아마 다음 생에도 영원히 함께니까 이 모든 건 우연이 아니니까 운명을 찾아낸 둘이니까 난 너에게만 집중해 좀 더 세게 날 이끄네 그녀를 볼 때마다 소스라치게 놀라 신기하게 자꾸만 숨이 멎는 게 참 이상해 설마 이런 게 말로만 듣던 사랑이란 감정일까 애초부터 내 심장은 널 향해 뛰니까 이 모든 건 우연이 아니니까 운명을 찾아낸 둘이니까 우주가 생긴 그 날부터 계속 무한의 세기를 넘어서 계속 우린 전생에도 아마 다음 생에도 영원히 함께니까 이 모든 건 우연이 아니니까 운명을 찾아낸 둘이니까 돌아보지 말아 운명을 찾아낸 우리니까 영원히 영원히 영원히 영원히 함께니까 이 모든 건 우연이 아니니까 운명을 찾아낸 둘이니까 우연이 아니니까 우연이 아니니까,랩/힙합,2010
128,빨간 맛 (Red Flavor),Red Velvet (레드벨벳),깨물면 점점 녹아든 스트로베리 그 맛 내가 제일 좋아하는 건 여름 그 맛 야자나무 그늘 아래 졸고 싶고 뜨거운 여름밤의 바람은 불고 너무 쉽게 사랑 빠져 버릴 나인틴 우린 제법 어울리고 또 멋져 좋아 첫눈에 반해 버린 네가 자꾸만 생각나 내 방식대로 갈래 깨물면 점점 녹아든 스트로베리 그 맛 내가 제일 좋아하는 건 여름 그 맛 일곱 개의 무지갯빛 문을 열어 너의 세상은 짜릿해 멋있어 태양보다 빨간 네 사랑의 색깔 내가 가질래 내 멋대로 할래 날 봐 넌 뭘 생각하는데 오늘 뭘 할 수 있을까 내 맘대로 상상해 깨물면 점점 녹아든 스트로베리 그 맛 내가 제일 좋아하는 건 여름 그 맛 귓속이 쨍 코가 맹 외쳐보자 좋아해요 솔직히 긴장해 땀이 뚝뚝 귀엽지 말 안 해도 알아주면 안 돼 내 맘은 더 커져 가는데 다 흘려버린 아이스크림같이 이러다 녹을지 몰라 그러니 말해 그래 그래 말해 그러니 말해 그래 그래 말해 너의 색깔로 날 물들여줘 더 진하게 강렬하게 깨물면 점점 녹아든 스트로베리 그 맛 내가 제일 좋아하는 건 여름 그 맛 내가 제일 좋아하는 건 여름의 너,댄스,2010
129,내가 저지른 사랑,임창정,떠나거든 내 소식이 들려오면 이제는 모른다고 해줘 언제나 내 맘속에서 커져만 갔던 너를 조금씩 나도 지우려 해 사랑해 라고 말하고 싶었지만 늘 미안하다고만 했던 나 잊고 잊혀지고 지우고 처음 만난 그때가 그리워진 사람 다시 못 올 몇 번의 그 계절 떠나버린 너의 모습을 지우고 버리고 비워도 어느 새 가득 차버린 내사랑 안 된다고 사랑하면 안 된다고 하지만 우린 함께했지 언제나 내 마음이라 사랑하던 맘이라 그리 아파할 줄 몰랐어 미안해 라고 안아주고 싶지만 점이 돼버린 그 뒷모습 잊고 잊혀지고 지우고 처음 만난 그때가 그리워진 사람 다시 못 올 몇 번의 그 계절 떠나버린 너의 모습을 지우고 버리고 비워도 어느 새 가득 차버린 내사랑 모든 게 나 때문인데 왜 네가 더 힘들어 네가 왜 내 맘을 위로해 왜 잊고 잊혀지고 지우고 처음 만난 그때가 그리워진 사람 다시 못 올 몇 번의 그 계절 떠나버린 너의 모습을 지우고 버리고 비워도 어느 새 가득 차버린 내사랑,발라드,2010
130,자니 (Feat. Dynamic Duo),프라이머리,일 끝나서 친구들과 한잔 내일은 노는 토요일이니깐 일 얘기 사는 얘기 재미난 얘기 시간가는 줄 모르는 이 밤 술기운이 올라오니 사내놈들끼린 결국엔 여자 얘기 적적해서 서로의 전화기를 꺼내 번호목록을 뒤져보지 너는 지금 뭐해 자니 밖이야 뜬금없는 문자를 돌려보지 난 어떻게 해볼까란 뜻은 아니야 그냥 심심해서 그래 아니 외로워서 그래 술자리가 끝나가 3차로 이동하기 전인데 문자는 담배와 애만 태우는 지금 답장 왔어 오빠 나 남친 생겼어 늦었어 좀 일찍 연락하지 그랬어 담에 봐 그냥 담에 낮에 봐 후회할거 알면서 전 여자친구에게 너는 지금 뭐해 자니 밖이야 뜬금없는 문자를 보내보지 난 어떻게 해볼까란 뜻은 아니야 그냥 심심해서 그래 아니 외로워서 그래 아 진짜 술만 들어가면 왜 이렇게 들뜨는지 나도 잘 몰라 난 왜 그녀들을 부르는지 갑자기 허전해 작업을 걸어대지 여기저기 오늘 밤 나 자존심 다 버렸네 전 여친한테 더럽게 달라붙어 봤지만 그녀는 버럭해 너 진짜 철없게 언제까지 이럴래 미안해 갑자기 외로운걸 어떡해 껄떡대 껄떡대 나 여기저기 다 맘껏 들쑤시고 다녀 온 거릴 거릴 다 또 잠들었어 프라이머리가 텐션 떨어진다 동훈아 넌 저리가 이제 해가 나올 시간이 되가니까 눈이 녹듯이 사그라드는 기대감 너무 지치고 피곤해 자고 싶어 이제 나 첫차를 타고 졸며 집에가 창밖에 앉아 밖을 바라보네 나는 꾸벅꾸벅 조는데 사람들은 하루를 시작해 눈부셔 아침해를 보는게 정신은 맑아지지 않는 기분 아직도 바쁜 내 손가락 아직 손은 바쁘게 움직이지 해장국이나 먹고 갈래 오빠랑 너는 지금 뭐해 자니 밖이야 뜬금없는 문자를 보내보지 난 어떻게 해볼까란 뜻은 아니야 그냥 심심해서 그래 아니 외로워서 그래 가지마 제발 심심해서 그래,랩/힙합,2010
131,팔레트 (Feat. G-DRAGON),아이유,이상하게도 요즘엔 그냥 쉬운 게 좋아 하긴 그래도 여전히 코린 음악은 좋더라 보라색을 더 좋아해 또 뭐더라 단추 있는 좀 짓궂은 장난들 날 좋아하는 거 알아 이제 조금 알 것 같아 날 긴 머리보다 반듯이 자른 단발이 좋아 하긴 그래도 좋은 날 부를 땐 참 예뻤더라 오 왜 그럴까 조금 촌스러운 걸 좋아해 그림보다 빼곡히 채운 날 미워하는 거 알아 이제 조금 알 것 같아 날 어려서 모든 게 어려워 잔소리에 매 서러워 꾸중만 듣던 철부지 애 겨우 스무고개 넘어 기쁨도 잠시 어머 아프니까 웬 청춘이래 지은아 오빠는 말이야 지금 막 서른인데 나는 절대로 아니야 근데 막 어른이 돼 아직도 한참 멀었는데 너보다 다섯 살 밖에 안 먹었는데 스물 위 서른 아래 애도 어른도 아닌 나이 때 그저 나일 때 가장 찬란하게 빛이 나 어둠이 드리워질 때도 겁내지 마 너무 아름다워서 꽃잎 활짝 펴서 날 좋아하는 거 알아 이제 조금 알 것 같아 날 아직 할 말이 많아 날 미워하는 거 알아 이제 조금 알 것 같아 날,R&B/Soul,2010
132,좋다고 말해,볼빨간사춘기,안녕 오늘도 같은 자리 버스 창가에 기대 앉은 네게 역시 넌 받아 주지를 않네 인기 많고 잘생긴 넌 내게만 그렇게 쌀쌀하게 굴더라 기억나 넌 내가 좋다고 했어 그 예쁜 가로등 아래서 넌 내가 좋다고 말했어 다음부턴 모른 척 아닌 척해도 확신을 해야 돼 넌 그날 넌 어서 내게 좋다고 말해 줘 몰래 오늘도 도서관 맨 앞자리에 기대 앉은 네게 역시 넌 받아 주지를 않네 인기 많고 잘생긴 넌 내게만 그렇게 쌀쌀하게 굴더라 기억나 넌 내가 좋다고 했어 그 예쁜 가로등 아래서 넌 내가 좋다고 말했어 다음부턴 모른 척 아닌 척해도 확신을 해야 돼 넌 그날 넌 널 참 많이 좋아하는 난데 우린 이어질 수 없는 걸까 내 긴 교복 치마가 부끄러워 네 곁엔 항상 키 크고 어서 내게 좋다고 말해 줘 어서 내게 좋다고 말해 줘,"인디음악, 포크/블루스",2010
133,걱정말아요 그대,이적,그대여 아무 걱정 하지 말아요 우리 함께 노래 합시다 그대 아픈 기억들 모두 그대여 그대 가슴에 깊이 묻어 버리고 지나간 것은 지나간 대로 그런 의미가 있죠 떠난 이에게 노래 하세요 후회없이 사랑했노라 말해요 그대는 너무 힘든 일이 많았죠 새로움을 잃어 버렸죠 그대 슬픈 얘기들 모두 그대여 그대 탓으로 훌훌 털어 버리고 지나간 것은 지나간 대로 그런 의미가 있죠 우리 다 함께 노래 합시다 후회없이 꿈을 꾸었다 말해요 지나간 것은 지나간 대로 그런 의미가 있죠 우리 다 함께 노래 합시다 후회없이 꿈을 꾸었다 말해요 지나간 것은 지나간 대로 그런 의미가 있죠 우리 다 함께 노래 합시다 후회없이 꿈을 꾸었다 말해요 새로운 꿈을 꾸겠다 말해요,"발라드, 국내드라마",2010
134,여수 밤바다,버스커 버스커,여수 밤바다 이 조명에 담긴 아름다운 얘기가 있어 네게 들려주고파 전활 걸어 뭐하고 있냐고 나는 지금 여수 밤바다 여수 밤바다 아 아 아 아 아 아 아 너와 함께 걷고 싶다 이 바다를 너와 함께 걷고 싶어 이 거리를 너와 함께 걷고 싶다 이 바다를 너와 함께 걷고 싶어 여수 밤바다 여수 밤바다 이 바람에 걸린 알 수없는 향기가 있어 네게 전해주고파 전활 걸어 뭐하고 있냐고 나는 지금 여수 밤바다 여수 밤바다 아 아 아 아 아 아 아 너와 함께 걷고 싶다 이 바다를 너와 함께 걷고 싶어 이 거리를 너와 함께 걷고 싶다 이 바다를 너와 함께 너와 함께 오 바다 이 조명에 담긴 아름다운 얘기가 있어 네게 들려주고파 전활 걸어 뭐하고 있냐고 나는 지금 여수 밤바다 여수 밤바다 아 바다 아아아 하아아아 하아오오 하 아아아 허오 아아아아 뭐하고 있냐고 나는 지금 여수 밤바다,록/메탈,2010
135,너랑 나,아이유,시곌 보며 속삭이는 비밀들 간절한 내 맘속 이야기 지금 내 모습을 해쳐도 좋아 나를 재촉하면 할수록 좋아 내 이름 불러줘 손 틈새로 비치는 내 맘 들킬까 두려워 가슴이 막 벅차 서러워 조금만 꼭 참고 날 기다려줘 너랑 나랑은 지금 안되지 시계를 더 보채고 싶지만 네가 있던 미래에서 내 이름을 불러줘 내가 먼저 엿보고 온 시간들 너와 내가 함께였었지 나랑 놀아주는 그대가 좋아 내가 물어보면 그대도 좋아 내 이름이 뭐야 손 틈새로 비치는 내 맘 들킬까 두려워 가슴이 막 벅차 서러워 조금만 꼭 참고 날 기다려줘 너랑 나랑은 지금 안되지 시계를 더 보채고 싶지만 네가 있던 미래에서 내 이름을 불러줘 눈 깜박하면 어른이 될 거에요 날 알아보겠죠 그댄 기억하겠죠 그래 기묘했던 아이 손 틈새로 비치는 네 모습 참 좋다 손끝으로 돌리며 시곗바늘아 달려봐 조금만 더 빨리 날아봐 두 눈을 꼭 감고 마법을 건다 너랑 나랑은 조금 남았지 몇 날 몇실진 모르겠지만 네가 있을 미래에서 혹시 내가 헤맨다면 너를 알아볼 수 있게 내 이름을 불러줘,댄스,2010
136,Beautiful,Crush,난 너의 곁에 있을게 너의 뒤에 서 있을게 하늘아래 너와 있다면 숨쉬는 것만으로도 좋아 너의 기억에서 내가 살텐데 내 곁에서 머물러줘 언제나 널 지켜줄게 내게 기댈수가 있게 너의 눈물 너의 미소도 곁에서 함께 할 수 있도록 미치도록 널 사랑했었던 날 너를 잃고 싶지 않아 세상에 너와 닮은 추억이 또 덩그러니 내게 남겨져있어 너와의 기억 너와의 추억 슬픔을 이기지 못하는 내게 내 곁에서 떠나지마 추억속에 내가 살지 않도록,"발라드, R&B/Soul, 국내드라마",2010
137,뚜두뚜두 (DDU-DU DDU-DU),BLACKPINK,착한 얼굴에 그렇지 못한 태도 가녀린 몸매 속 거침없이 직진 굳이 보진 않지 눈치 원할 땐 대놓고 뺏지 넌 뭘 해도 칼로 물 베기 눈 높인 꼭대기 물 만난 물고기 두 번 생각해 흔한 남들처럼 착한 척은 못 하니까 착각하지 마 쉽게 웃어주는 건 날 위한 거야 아직은 잘 모르겠지 넌 불 보듯이 뻔해 만만한 걸 원했다면 지금 내가 걸어가는 거린 너네 버킷리스트 널 당기는 것도 멀리 밀치는 것도 좋건 싫어하건 누가 뭐라 하던 두 번 생각해 흔한 남들처럼 착한 척은 못 하니까 착각하지 마 쉽게 웃어주는 건 날 위한 거야 아직은 잘 모르겠지 넌 불 보듯이 뻔해 만만한 걸 원했다면,랩/힙합,2010
138,TT,TWICE (트와이스),이러지도 못하는데 저러지도 못하네 매일 상상만 해 이름과 함께 아직 우린 모르는 사인데 아무거나 걸쳐도 아름다워 거울 속 단 둘이서 하는 다짐 뿐인걸 매번 다짐 뿐인걸 나나나나나나나 콧노래가 나오다가 나도 몰래 눈물 날 것 같애 아닌 것 같애 내가 아닌 것 같애 이미 난 다 컸다고 생각하는데 어쩌면 내 맘인데 왜 내 맘대로 할 수 없는 건 왜 밀어내려고 하면 할수록 이런 내 맘 모르고 너무해 너무해 어처구니 없다고 해 얼굴 값을 못한대 미칠 것 같애 이 와중에 왜 배는 또 고픈 건데 하루 종일 먹기만 하는데 맴매매매 아무 죄도 없는 인형만 때찌 종일 앉아있다가 엎드렸다 시간이 획획획 피부는 왜 이렇게 또 칙칙 자꾸 틱틱 거리고 만 싶지 엄만 귀찮게 계속 왜왜왜왜왜 나나나나나나나 콧노래가 나오다가 나도 몰래 짜증날 것 같애 화날 것 같애 이런 애가 아닌데 이미 난 다 컸다고 생각하는데 어쩌면 내 맘인데 왜 내 맘대로 할 수 없는 건 왜 밀어내려고 하면 할수록 이런 내 맘 모르고 너무해 너무해 혹시 이런 나를 알까요 이대로 사라져 버리면 안돼요 다짐 뿐인걸 매번 다짐 뿐인걸 이미 난 다 컸다고 생각하는데 어쩌면 내 맘인데 왜 내 맘대로 할 수 없는 건 왜 밀어내려고 하면 할수록 이런 내 맘 모르고 너무해 너무해,댄스,2010
139,너를 만나,폴킴,너를 만난 그 이후로 사소한 변화들에 행복해져 눈이 부시게 빛 나는 아침 너를 떠올리며 눈 뜨는 하루 식탁 위에 마주 앉아 너의 하루는 어땠는지 묻거나 나의 하루도 썩 괜찮았어 웃으며 대답해 주고 싶어 별것 아닌 일에 맘이 통할 때면 익숙해진 서로가 놀라웠어 널 사랑해 평온한 지금처럼만 영원하고 싶다고 너를 바라보다 생각했어 너를 만나 참 행복했어 나 이토록 사랑할 수 있었던 건 아직 어리고 모자란 내 맘 따뜻한 이해로 다 안아줘서 무심한 말투에 서로 아플 때면 차가워진 사이가 견딜 수 없어 미안해 불안한 지금이라도 영원하고 싶다고 너를 바라보다 생각했어 너를 만나 참 행복했어 나 이토록 사랑할 수 있었던 건 아직 어리고 모자란 내 맘 따뜻한 이해로 다 안아줘서 뜨거웠던 여름 지나 그리워질 빗소리에 하나 둘 수줍어 또 얼굴 붉히면 생각이 많아진 너의 눈에 입 맞출 테니 우리 함께 걸어가기로 해 나를 만나 너도 행복하니 못 해준 게 더 많아서 미안해 이기적이고 불안한 내가 너에게만은 잘하고 싶었어 오랫동안 나 기다려온 완벽한 사랑을 찾은 것 같아 날 잡아줘서 힘이 돼줘서 소중한 배려로 날 안아줘서 너를 만나,발라드,2010
140,지나오다,닐로(Nilo),이별을 말하고 넌 괜찮은 거니 여전히 내 하루는 온통 네 생각에 뜬 눈으로 밤을 지새고 난 두려워 시간이 쌓여갈수록 내가 잊혀질까 봐 우리 시간마저 모두 무너질까 봐 나도 모르게 너무 보고 싶어서 네 집 앞을 찾아가 너도 나만큼은 아닐지라도 보고 싶었다고 말해줘 지금 나 너의 집 앞에 있어 우리의 시간을 되돌려줘 아무 일도 없던 것처럼 날 안아줘 끝이라는 게 난 너무나 두려워서 다가가지도 못하고 한참 서성이다 말도 못하고 다시 돌아가는 나 하루가 가고 또 하루가 지나도 갈수록 커져만 가 맘에 없는 거짓말이라도 날 사랑한다고 말해줘 지금 나 너의 집 앞에 있어 우리의 시간을 되돌려줘 아무 일도 없던 것처럼 날 안아줘 끝이라는 게 난 너무나 두려워서 다가가지도 못하고 한참 서성이면 우리 한 번은 단 한 번쯤은 마주치진 않을까 당장이라도 전활 걸어 네 목소리 듣고 싶은데 내가 더 싫어지게 될까 봐 작은 감정마저 그렇게 사라질까 봐 마음이란 게 말처럼 되질 않잖아 보다 조금만 널 사랑했더라면 스치는 바람처럼 스쳐 지나갈 텐데 끝이라는 게 난 너무나 두려워서 다가가지도 못하고 한참 서성이다 혹시 마주치게 된다면 나처럼 아픈 시간 속에 살았기를 오늘도 난 돌아서지만,발라드,2010
141,그날처럼,장덕철,참 많은 시간이 흘러가고 넌 어떻게 사는지 참 궁금해 날 걱정하는 사람들에게 다 잊었단 거짓말하는 내가 참 미운 날 아름다운 이별은 세상에 없다지만 그때 내가 조금 더 너를 편하게 보내줬다면 다른 사람 또 만나 행복할 니가 가끔은 내 생각할 때에 지을 표정이 참 궁금해 날 보는 네 눈이 좋아서 얼굴 붉히며 딴청 피던 아름답던 그날처럼 좋은 사람 만나 사랑 받고 너도 이젠 웃을 수 있길 찬란했던 우리 그날처럼 비어있는 지갑에 음식점을 서성이면 월급날이라며 손잡아 이끌어주던 만 원짜리 커플링 고맙다며 펑펑 울던 과분한 네 사랑 받을 사람 참 부러워 날 보는 네 눈이 좋아서 얼굴 붉히며 딴청 피던 아름답던 그날처럼 좋은 사람 만나 사랑 받고 너도 이젠 웃을 수 있길 찬란했던 우리 그날처럼 문득 들려오는 너의 소식에 가끔씩은 혼자 울 수 있길 끝까지 이기적인 내가 이젠 나 없이도 괜찮다 너에게 듣고 싶던 말 좋은 사람 만나 미안해 다시 돌아갈 순 없지만 아름답던 우리 그날,발라드,2010
142,나만 안되는 연애,볼빨간사춘기,왠지 오늘따라 마음이 아픈지 했더니 오늘은 그대가 날 떠나가는 날이래요 왜 항상 나는 이렇게 외로운 사랑을 하는지 도무지 이해가 안가는 이상한 날이에요 왜 그랬는지 묻고 싶죠 날 사랑하긴 했는지 그랬다면 왜 날 안아줬는지 그렇게 예뻐했는지 나만 이런 세상을 살고 있는 것 같아요 바라보기만 하다 포기할 수는 없겠죠 근데도 이렇게 아픈 마음만 가지고 사는 건 도무지 불공평해서 견딜 수가 없어요 왠지 오늘만은 그렇게 보내기 싫은지 오늘은 그대와 나 마지막인가 봐요 왜 항상 나는 이렇게 아무 말도 못하는지 도무지 이해가 안가는 이상한 날이에요 시작부터 사랑하지 않았다고 내게 말했었다면 그랬다면 나의 마음은 이렇게 굳게 닫혔을까요 나만 이런 세상을 살고 있는 것 같아요 바라보기만 하다 포기할 수는 없겠죠 근데도 이렇게 아픈 마음만 가지고 사는 건 도무지 불공평해서 견딜 수가 없어요 그대는 아무렇지 않겠죠 내 눈물로 더 이상 붙잡을 수는 없겠죠 근데도 이렇게 아픈 마음만 가지고 사는 건 도무지 불공평해서 견딜 수가 없어요 나는 사실 이성적인 게 참 싫어요 그래서 우린 헤어져야만 했으니까 아무렇지 않게 살아가도 매일 밤이 고통스럽겠죠 그대가 정이 많은 사람이었다면 날 안아주진 않았을까요,"인디음악, 포크/블루스",2010
143,한숨,이하이,숨을 크게 쉬어봐요 당신의 가슴 양쪽이 저리게 조금은 아파올 때까지 숨을 더 뱉어봐요 당신의 안에 남은 게 없다고 느껴질 때까지 숨이 벅차올라도 괜찮아요 아무도 그댈 탓하진 않아 가끔은 실수해도 돼 누구든 그랬으니까 괜찮다는 말 말뿐인 위로지만 누군가의 한숨 그 무거운 숨을 내가 어떻게 헤아릴 수가 있을까요 당신의 한숨 그 깊일 이해할 순 없겠지만 괜찮아요 내가 안아줄게요 숨이 벅차올라도 괜찮아요 아무도 그댈 탓하진 않아 가끔은 실수해도 돼 누구든 그랬으니까 괜찮다는 말 말뿐인 위로지만 누군가의 한숨 그 무거운 숨을 내가 어떻게 헤아릴 수가 있을까요 당신의 한숨 그 깊일 이해할 순 없겠지만 괜찮아요 내가 안아줄게요 남들 눈엔 힘 빠지는 한숨으로 보일진 몰라도 나는 알고 있죠 작은 한숨 내뱉기도 어려운 하루를 보냈단 걸 이제 다른 생각은 마요 깊이 숨을 쉬어봐요 그대로 내뱉어요 누군가의 한숨 그 무거운 숨을 내가 어떻게 헤아릴 수가 있을까요 당신의 한숨 그 깊일 이해할 순 없겠지만 괜찮아요 내가 안아줄게요 정말 수고했어요,R&B/Soul,2010
144,D (half moon) (Feat. 개코),DEAN,별 다를 것 없이 똑같은 공기 똑같은 침대에서 보이는 천장까지 왜 별 이유 없이 공허한 건지 그저 몇 시간 째 멍만 때리는 게 처음에는 배가 고픈가 했었는데 요새는 칸예 새 앨범을 들어도 뻔해 뻔해 뻔해 채널만 돌려 보네 다 너의 반 반 반의 반의 반도 채워주질 못 하네 딱 너의 반 반 반의 반이라도 내게 남았더라면 이렇게 붕 떠있지는 않을 텐데 너 없는 밤도 달은 떴다는데 보이지 않아 마음이 기운 채로 판단이 설 리가 너 하나 없다고 내가 이럴 리가 없는데 자꾸 그 때로 또 되감기 돼 네가 있던 자리 그 자리 위 밤하늘까지 보여 저 반 쪽 짜리 달이 딱 지금 나의 모습 같지 다 너의 반 반 반의 반의 반도 채워주질 못 하네 딱 너의 반 반 반의 반이라도 내게 남았더라면 이렇게 붕 떠있진 않을 텐데 내일의 어둠이 저 달을 한 입 삼키면 둘이 만들었던 세계도 더 작아질 텐데 그리움만 꽉 차겠지 지루한 하루들을 보낸 후 보름달 하늘에 뜰 때쯤에는 우린 하나라고 떠들고 다닐 때만 해도 너는 너고 나는 나라는 게 이렇게도 명확해질지 몰랐어 서로 생각할 시간 시간 초과된 기분 더 지나면 서로 돌아오라고도 못 해 난 지금 돈키호테처럼 정처 없이 네 사랑을 꿈꾸네 난 네 눈만 봐도 텅 빈 이 맘을 다 채울 텐데 다 너의 반 반 반의 반의 반도 채워주질 못 하네 딱 너의 반 반 반의 반이라도 내게 남았더라면 이렇게 붕 떠있진 않을 텐데 딱 너의 반 반 반의 반이라도 내게 남았더라면 그랬더라면,R&B/Soul,2010
145,REALLY REALLY,WINNER,어디야 집이야 안 바쁨 나와봐 너네 집 앞이야 너에게 하고픈 말이 있어 이걸 어떻게 말을 꺼내야 할진 모르겠지만 이상한 말 아냐 부담 없이 들어줘 지금 내 눈에 제일 널 향한 내 맘이 돈이면 널 좋아해 널 좋아해 넌 나 어때 멋지게 골인 프러포즈 같은 세리머니 정해보자 호칭 허니 말고 자기 아님 달링 낯간지럽네 상상해봐도 긴장돼 필요해 덩치는 산만해도 네 앞에선 작아지네 첫눈에 미끄러지듯이 내 맘을 훔친 범인인 건 바로 너 너의 미모 질투해 여신도 섹시해 날 자극하는 오해하지 마 나는 진짜 진심으로 채워줄게 너의 빈 잔 지금 내 눈에 제일 널 향한 내 맘이 돈이면 널 좋아해 널 좋아해 넌 나 어때 혹시라도 내가 한걸음 뒤로 가 단지 아는 사이로 기다릴 수 있어 너도 나를 좋아할 거 같다 말해줘 지금 당장 만나 나 진심으로 네게 할 말이 있어 널 좋아해 널 좋아해 넌 나 어때 네가 좋아 널 좋아해,댄스,2010
146,너였다면,정승환,왜 너에겐 그렇게 어려운지 애를 쓰는 나를 제대로 봐주는 게 너 하나에 이토록 아플 수 있음에 놀라곤 해 고단했던 하루 나는 꿈을 꿔도 아파 너였다면 어떨 것 같아 이런 미친 날들이 네 하루가 되면 말야 너도 나만큼 혼자 부서져 본다면 알게 될까 가슴이 터질 듯 날 가득 채운 통증과 얼마나 너를 원하고 있는지 내가 너라면 그냥 날 사랑할 텐데 내 가슴은 한없이 바닥까지 나를 둘러싸는 모든 게 두려워져 다 사랑에 빠지면 행복한 거라니 누가 그래 뒷모습만 보는 그런 사랑하는 내게 너였다면 어떨 것 같아 이런 미친 날들이 네 하루가 되면 말야 너도 나만큼 혼자 부서져 본다면 알게 될까 가슴이 터질 듯 날 가득 채운 통증과 얼마나 너를 원하고 있는지 내가 너라면 그냥 날 사랑할텐데 이미 너는 내게 대답한 걸 알아 대답 없는 대답의 의미 다 알면서도 난 모르는 척 맴도는데 요즘 나는 어떤 줄 아니 편히 잠을 잘 수도 뭘 삼켜낼 수도 없어 널 바라보다 점점 망가져 가는 날 알긴 할까 죽을 것 같아도 넌 내게 올 리 없대도 딴 곳만 보는 너란 걸 알아도 그런 너를 난 놓을 순 없을 것 같아,"발라드, 국내드라마",2010
147,여행,볼빨간사춘기,저 오늘 떠나요 공항으로 핸드폰 꺼 놔요 제발 날 찾진 말아줘 시끄럽게 소리를 질러도 어쩔 수 없어 나 쉬지 않고 빛났던 꿈같은 이리저리 치이고 또 망가질 때쯤 지쳤어 나 미쳤어 나 떠날 거야 다 비켜 아름다운 이 도시에 빠져서 나 날아다니는 새처럼 나 숨을 셔 어디든 답답한 이 곳을 벗어 나기만 하면 나 숨을 셔 저 이제 쉬어요 떠날 거예요 노트북 꺼 놔요 제발 날 잡진 말아줘 시끄럽게 소리를 질러도 어쩔 수 없어 나 쉬지 않고 빛났던 꿈같은 이리 저리 치이고 또 망가질 때쯤 지쳤어 나 미쳤어 나 떠날 거야 다 비켜 아름다운 이 도시에 빠져서 나 날아 다니는 새처럼 나 숨을 셔 어디든 답답한 이 곳을 벗어 나기만 하면 나 숨을 셔 어디든 답답한 이 곳을 벗어 나기만 하면 나 숨을 셔,"인디음악, 록/메탈",2010
148,그리워하다,비투비,오늘도 하루를 보내 다를 게 없이 하나도 안 어색해 혼자 있는 게 너 없인 안될 것 같던 내가 이렇게 살아 근데 좀 허전해 난 여전히 거기 있나 봐 후련하게 다 털어내 다 다 지난 일에 마음 쓰는 게 답이 잘 보이는가 싶다가도 어느새 날 가두는 감옥이 돼 시간은 앞으로만 가는 걸 어째 그 동안 난 아무것도 이룬 것이 없네 너를 그리워하다 하루가 다 지났어 너를 그리워하다 일 년이 가버렸어 난 그냥 그렇게 살아 너를 그리워하다 그리워하다 다 괜찮을 거라 되뇌어 봐도 내 하루에 끝엔 또 너로 남아 너 없인 안될 것 같던 내가 이렇게 살아 사실 좀 허전해 넌 여전히 여기 있나 봐 내 마음은 여전해 아직 너를 원해 몇 년이 지나도 난 아직 널 그리워해 난 아직 기억해 우리 처음 봤을 때 네 옷차림과 머리 스타일도 다 정확하게 너를 그리워하다 하루가 다 지났어 너를 그리워하다 일 년이 가버렸어 난 그냥 그렇게 살아 너를 그리워하다 그리워하다 잠에서 깨어 헝클어진 머리처럼 내 일상도 꽤나 엉망이 돼버렸어 책임져 아무렇지 않은 척 드리워진 표정도 내 모든 곳에 스며든 네 흔적도 다 책임져 아직도 난 잊을 수 없나 봐 다시 돌아와 줘 또다시 같은 엔딩이라 해도 너 너를 그리워하다 하루가 다 지났어 너를 그리워하다 일 년이 가버렸어 너를 잊으려 하다 하루가 지나가도 너를 지우려 하다 일 년이 가버려도 난 그냥 그렇게 살아 너를 그리워하다 그리워하다 그리워하다 그리워하다,발라드,2010
149,마지막처럼,BLACKPINK,너 뭔데 자꾸 생각나 자존심 상해 애가 타 얼굴이 뜨겁고 가슴은 계속 뛰어 내 몸이 맘대로 안 돼 어지러워 넌 한 줌의 모래 같아 잡힐 듯 잡히지 않아 넌 쉽지 않은 걸 그래서 더 끌려 내 맘이 맘대로 안 돼 어이없어 지금 너를 원하는 내 숨결이 느껴지니 그만 생각해 뭐가 그리 어려워 거짓말처럼 키스해줘 내가 너에게 마지막 사랑인 것처럼 마지막처럼 마-마-마지막처럼 마지막처럼 마-마-마지막처럼 내일 따윈 없는 것처럼 시간은 흘러가는데 마음만 급해지지 그만 생각해 뭐가 그리 어려워 거짓말처럼 키스해줘 내가 너에게 마지막 사랑인 것처럼 마지막처럼 마-마-마지막처럼 마지막처럼 마-마-마지막처럼 내일 따윈 없는 것처럼 절대 뒤돌아보진 않을 거니까 날 너에게 던지면 너는 날 꼭 잡아줘 세상은 우릴 꺾지 못할 테니까 그만 생각해 뭐가 그리 어려워 거짓말처럼 키스해줘 내가 너에게 마지막 사랑인 것처럼 마지막처럼 마-마-마지막처럼 마지막처럼 마-마-마지막처럼,댄스,2010
